SET session_replication_role = replica;

--
-- PostgreSQL database dump
--

-- Dumped from database version 17.4
-- Dumped by pg_dump version 17.4

SET statement_timeout = 0;
SET lock_timeout = 0;
SET idle_in_transaction_session_timeout = 0;
SET transaction_timeout = 0;
SET client_encoding = 'UTF8';
SET standard_conforming_strings = on;
SELECT pg_catalog.set_config('search_path', '', false);
SET check_function_bodies = false;
SET xmloption = content;
SET client_min_messages = warning;
SET row_security = off;

--
-- Data for Name: audit_log_entries; Type: TABLE DATA; Schema: auth; Owner: supabase_auth_admin
--

INSERT INTO "auth"."audit_log_entries" ("instance_id", "id", "payload", "created_at", "ip_address") VALUES
	('00000000-0000-0000-0000-000000000000', '0d4dc471-ca41-4bf6-b326-8c01906e9fa2', '{"action":"user_confirmation_requested","actor_id":"3b0834d8-b270-40d3-9342-e682a55e691b","actor_username":"david383812@gmail.com","actor_via_sso":false,"log_type":"user","traits":{"provider":"email"}}', '2025-06-19 15:32:37.836175+00', ''),
	('00000000-0000-0000-0000-000000000000', '502ad6a6-cf9b-45a3-b4a4-edbf0ba6a52d', '{"action":"user_signedup","actor_id":"3b0834d8-b270-40d3-9342-e682a55e691b","actor_username":"david383812@gmail.com","actor_via_sso":false,"log_type":"team"}', '2025-06-19 15:33:28.443338+00', ''),
	('00000000-0000-0000-0000-000000000000', '4be2a25d-3c81-4b8f-90ca-33647bba4605', '{"action":"login","actor_id":"3b0834d8-b270-40d3-9342-e682a55e691b","actor_username":"david383812@gmail.com","actor_via_sso":false,"log_type":"account","traits":{"provider":"email"}}', '2025-06-19 15:35:44.893502+00', ''),
	('00000000-0000-0000-0000-000000000000', '2a5c2b41-af91-45e6-aa59-f85480ee5eda', '{"action":"user_deleted","actor_id":"00000000-0000-0000-0000-000000000000","actor_username":"service_role","actor_via_sso":false,"log_type":"team","traits":{"user_email":"david383812@gmail.com","user_id":"3b0834d8-b270-40d3-9342-e682a55e691b","user_phone":""}}', '2025-06-19 16:03:44.700517+00', ''),
	('00000000-0000-0000-0000-000000000000', '8d8f3fcc-0c41-430a-ae17-afbd3b0c9a55', '{"action":"user_confirmation_requested","actor_id":"d30444d4-600b-4cfe-8c93-83736ee68a41","actor_username":"david383812@gmail.com","actor_via_sso":false,"log_type":"user","traits":{"provider":"email"}}', '2025-06-19 16:19:18.897887+00', ''),
	('00000000-0000-0000-0000-000000000000', '51db8982-bfcc-4551-9d94-ea3dc4900fa7', '{"action":"user_signedup","actor_id":"d30444d4-600b-4cfe-8c93-83736ee68a41","actor_username":"david383812@gmail.com","actor_via_sso":false,"log_type":"team"}', '2025-06-19 16:19:35.332952+00', ''),
	('00000000-0000-0000-0000-000000000000', '8d7a6479-8828-4347-87af-181fc9cf57b8', '{"action":"login","actor_id":"d30444d4-600b-4cfe-8c93-83736ee68a41","actor_username":"david383812@gmail.com","actor_via_sso":false,"log_type":"account","traits":{"provider":"email"}}', '2025-06-19 16:20:25.413503+00', ''),
	('00000000-0000-0000-0000-000000000000', '825ea7b8-a8fe-48d9-a2e1-688f365132aa', '{"action":"login","actor_id":"d30444d4-600b-4cfe-8c93-83736ee68a41","actor_username":"david383812@gmail.com","actor_via_sso":false,"log_type":"account","traits":{"provider":"email"}}', '2025-06-19 16:26:59.725616+00', ''),
	('00000000-0000-0000-0000-000000000000', '857dd26b-e8cd-48c6-85f8-8bb5f00c3f8c', '{"action":"user_confirmation_requested","actor_id":"cbc3bbda-e3bd-410a-be74-96bb27290c60","actor_username":"david383812+01@gmail.com","actor_via_sso":false,"log_type":"user","traits":{"provider":"email"}}', '2025-06-19 16:28:14.463165+00', ''),
	('00000000-0000-0000-0000-000000000000', '0fd05519-3bdb-4e90-af44-b5df5c4c50c5', '{"action":"user_signedup","actor_id":"cbc3bbda-e3bd-410a-be74-96bb27290c60","actor_username":"david383812+01@gmail.com","actor_via_sso":false,"log_type":"team"}', '2025-06-19 16:28:43.920998+00', ''),
	('00000000-0000-0000-0000-000000000000', 'cb7acb04-f4b1-43e2-a8b1-877ffef8fa97', '{"action":"login","actor_id":"cbc3bbda-e3bd-410a-be74-96bb27290c60","actor_username":"david383812+01@gmail.com","actor_via_sso":false,"log_type":"account","traits":{"provider":"email"}}', '2025-06-19 16:29:10.227409+00', ''),
	('00000000-0000-0000-0000-000000000000', '68d6b198-52e2-4bd5-8027-21f531109675', '{"action":"login","actor_id":"d30444d4-600b-4cfe-8c93-83736ee68a41","actor_username":"david383812@gmail.com","actor_via_sso":false,"log_type":"account","traits":{"provider":"email"}}', '2025-06-19 16:36:29.70725+00', ''),
	('00000000-0000-0000-0000-000000000000', 'f0673f7f-04ca-4833-aff5-fbaf219f3f30', '{"action":"user_deleted","actor_id":"00000000-0000-0000-0000-000000000000","actor_username":"service_role","actor_via_sso":false,"log_type":"team","traits":{"user_email":"david383812@gmail.com","user_id":"d30444d4-600b-4cfe-8c93-83736ee68a41","user_phone":""}}', '2025-06-19 16:37:50.429914+00', ''),
	('00000000-0000-0000-0000-000000000000', 'ca107c24-fe30-4da9-91c0-fd62d17614bb', '{"action":"user_deleted","actor_id":"00000000-0000-0000-0000-000000000000","actor_username":"service_role","actor_via_sso":false,"log_type":"team","traits":{"user_email":"david383812+01@gmail.com","user_id":"cbc3bbda-e3bd-410a-be74-96bb27290c60","user_phone":""}}', '2025-06-19 16:37:50.438738+00', ''),
	('00000000-0000-0000-0000-000000000000', '403a6fde-1ae6-462d-a4de-a47ce01b10ac', '{"action":"user_confirmation_requested","actor_id":"de1fb1d9-a5f1-4be6-8410-7f5486ea36df","actor_username":"david383812@gmail.com","actor_via_sso":false,"log_type":"user","traits":{"provider":"email"}}', '2025-06-19 16:47:04.779196+00', ''),
	('00000000-0000-0000-0000-000000000000', '360b11f0-68b2-4991-bc5b-8f27552834a1', '{"action":"user_signedup","actor_id":"de1fb1d9-a5f1-4be6-8410-7f5486ea36df","actor_username":"david383812@gmail.com","actor_via_sso":false,"log_type":"team"}', '2025-06-19 16:47:27.773079+00', ''),
	('00000000-0000-0000-0000-000000000000', '51e8fc7b-9a01-4d1b-bb52-802d915b15cc', '{"action":"logout","actor_id":"de1fb1d9-a5f1-4be6-8410-7f5486ea36df","actor_username":"david383812@gmail.com","actor_via_sso":false,"log_type":"account"}', '2025-06-19 16:47:48.532959+00', ''),
	('00000000-0000-0000-0000-000000000000', '55cef089-6f2a-45be-b72f-5dccb0a48e15', '{"action":"user_confirmation_requested","actor_id":"fecb0fd9-54a5-4b65-a164-ac85a09a23f6","actor_username":"david383812+01@gmail.com","actor_via_sso":false,"log_type":"user","traits":{"provider":"email"}}', '2025-06-19 16:48:36.546304+00', ''),
	('00000000-0000-0000-0000-000000000000', 'a424c3cd-84a8-4265-bfda-ce2c17c6891e', '{"action":"user_signedup","actor_id":"fecb0fd9-54a5-4b65-a164-ac85a09a23f6","actor_username":"david383812+01@gmail.com","actor_via_sso":false,"log_type":"team"}', '2025-06-19 16:48:59.350879+00', ''),
	('00000000-0000-0000-0000-000000000000', '2c915c1e-e0b9-44fd-babb-c5cf690273f1', '{"action":"user_repeated_signup","actor_id":"de1fb1d9-a5f1-4be6-8410-7f5486ea36df","actor_username":"david383812@gmail.com","actor_via_sso":false,"log_type":"user","traits":{"provider":"email"}}', '2025-06-19 17:12:01.486215+00', ''),
	('00000000-0000-0000-0000-000000000000', 'bc7c5333-dff5-4818-a150-cb5138005fd7', '{"action":"login","actor_id":"de1fb1d9-a5f1-4be6-8410-7f5486ea36df","actor_username":"david383812@gmail.com","actor_via_sso":false,"log_type":"account","traits":{"provider":"email"}}', '2025-06-19 17:13:15.425588+00', ''),
	('00000000-0000-0000-0000-000000000000', 'e1004b9c-947d-46bb-ae83-238024ab1eb6', '{"action":"logout","actor_id":"de1fb1d9-a5f1-4be6-8410-7f5486ea36df","actor_username":"david383812@gmail.com","actor_via_sso":false,"log_type":"account"}', '2025-06-19 17:13:37.123145+00', ''),
	('00000000-0000-0000-0000-000000000000', '242f4f28-6320-469e-a3a9-c10eb9159c93', '{"action":"user_repeated_signup","actor_id":"de1fb1d9-a5f1-4be6-8410-7f5486ea36df","actor_username":"david383812@gmail.com","actor_via_sso":false,"log_type":"user","traits":{"provider":"email"}}', '2025-06-19 17:28:47.673821+00', ''),
	('00000000-0000-0000-0000-000000000000', '60440aee-0052-4656-bdd7-05fb5344f3ed', '{"action":"login","actor_id":"de1fb1d9-a5f1-4be6-8410-7f5486ea36df","actor_username":"david383812@gmail.com","actor_via_sso":false,"log_type":"account","traits":{"provider":"email"}}', '2025-06-19 17:29:10.384263+00', ''),
	('00000000-0000-0000-0000-000000000000', '3a4ad07b-51ab-4b4f-89f5-e151d34aa72c', '{"action":"user_deleted","actor_id":"00000000-0000-0000-0000-000000000000","actor_username":"service_role","actor_via_sso":false,"log_type":"team","traits":{"user_email":"david383812@gmail.com","user_id":"de1fb1d9-a5f1-4be6-8410-7f5486ea36df","user_phone":""}}', '2025-06-19 17:30:57.093519+00', ''),
	('00000000-0000-0000-0000-000000000000', '8fa7f06d-08f2-49be-873a-3d13a214d76a', '{"action":"user_deleted","actor_id":"00000000-0000-0000-0000-000000000000","actor_username":"service_role","actor_via_sso":false,"log_type":"team","traits":{"user_email":"david383812+01@gmail.com","user_id":"fecb0fd9-54a5-4b65-a164-ac85a09a23f6","user_phone":""}}', '2025-06-19 17:30:57.119144+00', ''),
	('00000000-0000-0000-0000-000000000000', 'c875bda1-2700-4dc5-a7bf-c981e1786571', '{"action":"user_confirmation_requested","actor_id":"fe5f9502-90ba-4bdf-be8f-ba640eeabbf3","actor_username":"david383812@gmail.com","actor_via_sso":false,"log_type":"user","traits":{"provider":"email"}}', '2025-06-19 17:31:37.216653+00', ''),
	('00000000-0000-0000-0000-000000000000', '91e86826-87ee-4753-932c-feb1cd0eff38', '{"action":"user_signedup","actor_id":"fe5f9502-90ba-4bdf-be8f-ba640eeabbf3","actor_username":"david383812@gmail.com","actor_via_sso":false,"log_type":"team"}', '2025-06-19 17:31:51.392594+00', ''),
	('00000000-0000-0000-0000-000000000000', '4178880a-1644-42b9-8468-49cc59b3a62e', '{"action":"user_deleted","actor_id":"00000000-0000-0000-0000-000000000000","actor_username":"service_role","actor_via_sso":false,"log_type":"team","traits":{"user_email":"david383812@gmail.com","user_id":"fe5f9502-90ba-4bdf-be8f-ba640eeabbf3","user_phone":""}}', '2025-06-19 17:35:16.974604+00', ''),
	('00000000-0000-0000-0000-000000000000', 'fd23e826-95f4-4b0b-9593-475ceb597ec1', '{"action":"user_confirmation_requested","actor_id":"de34f88d-98c0-4972-af0e-9f6de620ac1a","actor_username":"david383812@gmail.com","actor_via_sso":false,"log_type":"user","traits":{"provider":"email"}}', '2025-06-19 17:49:13.695747+00', ''),
	('00000000-0000-0000-0000-000000000000', 'eee485f1-364a-4407-9bd2-bbff75338aa5', '{"action":"user_signedup","actor_id":"de34f88d-98c0-4972-af0e-9f6de620ac1a","actor_username":"david383812@gmail.com","actor_via_sso":false,"log_type":"team"}', '2025-06-19 17:49:23.804184+00', ''),
	('00000000-0000-0000-0000-000000000000', 'dd0b340a-f500-45f7-926a-6a63d7f37230', '{"action":"logout","actor_id":"de34f88d-98c0-4972-af0e-9f6de620ac1a","actor_username":"david383812@gmail.com","actor_via_sso":false,"log_type":"account"}', '2025-06-19 17:49:37.389295+00', ''),
	('00000000-0000-0000-0000-000000000000', '6cb5c2f0-1fb6-4d55-8321-9837a203b98f', '{"action":"user_confirmation_requested","actor_id":"6cb6b9bc-cf9c-48b8-898a-e5a3dab8b601","actor_username":"david383812+01@gmail.com","actor_via_sso":false,"log_type":"user","traits":{"provider":"email"}}', '2025-06-19 17:50:12.072847+00', ''),
	('00000000-0000-0000-0000-000000000000', '762b6d23-ba83-4143-bfd1-44145c0791ef', '{"action":"user_signedup","actor_id":"6cb6b9bc-cf9c-48b8-898a-e5a3dab8b601","actor_username":"david383812+01@gmail.com","actor_via_sso":false,"log_type":"team"}', '2025-06-19 17:50:21.548935+00', ''),
	('00000000-0000-0000-0000-000000000000', '6b4a281b-9322-4c2f-bc17-f9fdc50c4810', '{"action":"login","actor_id":"de34f88d-98c0-4972-af0e-9f6de620ac1a","actor_username":"david383812@gmail.com","actor_via_sso":false,"log_type":"account","traits":{"provider":"email"}}', '2025-06-19 17:56:34.837078+00', ''),
	('00000000-0000-0000-0000-000000000000', '07bb9515-f5e3-4ccd-81b1-6b488c42d93b', '{"action":"user_deleted","actor_id":"00000000-0000-0000-0000-000000000000","actor_username":"service_role","actor_via_sso":false,"log_type":"team","traits":{"user_email":"david383812+01@gmail.com","user_id":"6cb6b9bc-cf9c-48b8-898a-e5a3dab8b601","user_phone":""}}', '2025-06-19 20:28:26.578074+00', ''),
	('00000000-0000-0000-0000-000000000000', 'd888e699-9b18-4435-b2f7-726b51e640d8', '{"action":"user_deleted","actor_id":"00000000-0000-0000-0000-000000000000","actor_username":"service_role","actor_via_sso":false,"log_type":"team","traits":{"user_email":"david383812@gmail.com","user_id":"de34f88d-98c0-4972-af0e-9f6de620ac1a","user_phone":""}}', '2025-06-19 20:28:26.579537+00', ''),
	('00000000-0000-0000-0000-000000000000', '32c1f422-446a-431a-a06c-1145f511c986', '{"action":"user_confirmation_requested","actor_id":"08e90b33-736c-4e6c-a6bc-920ba2965ceb","actor_username":"david383812@gmail.com","actor_via_sso":false,"log_type":"user","traits":{"provider":"email"}}', '2025-06-19 20:29:20.234157+00', ''),
	('00000000-0000-0000-0000-000000000000', 'bd27f90a-1157-49ca-bbe8-7c6dab2d4304', '{"action":"user_signedup","actor_id":"08e90b33-736c-4e6c-a6bc-920ba2965ceb","actor_username":"david383812@gmail.com","actor_via_sso":false,"log_type":"team"}', '2025-06-19 20:29:41.674646+00', ''),
	('00000000-0000-0000-0000-000000000000', '8e1aba95-4478-49f2-af24-5bd39765a66f', '{"action":"user_confirmation_requested","actor_id":"2c5ce160-39cf-4118-9298-a6912fea76f7","actor_username":"david383812+01@gmail.com","actor_via_sso":false,"log_type":"user","traits":{"provider":"email"}}', '2025-06-19 20:32:20.190122+00', ''),
	('00000000-0000-0000-0000-000000000000', '52cb590a-9047-463a-b8d4-cd312380e887', '{"action":"user_signedup","actor_id":"2c5ce160-39cf-4118-9298-a6912fea76f7","actor_username":"david383812+01@gmail.com","actor_via_sso":false,"log_type":"team"}', '2025-06-19 20:32:46.916702+00', ''),
	('00000000-0000-0000-0000-000000000000', 'b5fb667d-f0fb-401a-ad80-31cb2612c3e8', '{"action":"login","actor_id":"2c5ce160-39cf-4118-9298-a6912fea76f7","actor_username":"david383812+01@gmail.com","actor_via_sso":false,"log_type":"account","traits":{"provider":"email"}}', '2025-06-19 20:33:55.551892+00', ''),
	('00000000-0000-0000-0000-000000000000', '775f0621-01fe-4d64-b78d-97f1112c22a8', '{"action":"logout","actor_id":"2c5ce160-39cf-4118-9298-a6912fea76f7","actor_username":"david383812+01@gmail.com","actor_via_sso":false,"log_type":"account"}', '2025-06-19 20:34:05.190254+00', ''),
	('00000000-0000-0000-0000-000000000000', '32d67d0c-d677-4ee5-b108-ca68dfb759a7', '{"action":"user_deleted","actor_id":"00000000-0000-0000-0000-000000000000","actor_username":"service_role","actor_via_sso":false,"log_type":"team","traits":{"user_email":"david383812@gmail.com","user_id":"08e90b33-736c-4e6c-a6bc-920ba2965ceb","user_phone":""}}', '2025-06-19 20:35:40.679329+00', ''),
	('00000000-0000-0000-0000-000000000000', '2d6910d7-8e53-4e3f-88ee-230010934b91', '{"action":"user_deleted","actor_id":"00000000-0000-0000-0000-000000000000","actor_username":"service_role","actor_via_sso":false,"log_type":"team","traits":{"user_email":"david383812+01@gmail.com","user_id":"2c5ce160-39cf-4118-9298-a6912fea76f7","user_phone":""}}', '2025-06-19 20:35:40.691831+00', ''),
	('00000000-0000-0000-0000-000000000000', '3ab7b385-de20-4c3e-95d9-5207395a94f0', '{"action":"user_confirmation_requested","actor_id":"aea728c3-d5a1-468e-ae22-301843966418","actor_username":"david383812@gmail.com","actor_via_sso":false,"log_type":"user","traits":{"provider":"email"}}', '2025-06-19 21:28:33.714371+00', ''),
	('00000000-0000-0000-0000-000000000000', 'cbf12ccd-a8bc-469f-8680-b1fb6fc575d5', '{"action":"user_signedup","actor_id":"aea728c3-d5a1-468e-ae22-301843966418","actor_username":"david383812@gmail.com","actor_via_sso":false,"log_type":"team"}', '2025-06-19 21:28:49.164166+00', ''),
	('00000000-0000-0000-0000-000000000000', '5d9a4a3e-1c50-429b-86b7-bb44cd4b35e0', '{"action":"user_confirmation_requested","actor_id":"b3c2ba3d-8bd7-4281-adc0-ab9b68e9fccd","actor_username":"david383812+02@gmail.com","actor_via_sso":false,"log_type":"user","traits":{"provider":"email"}}', '2025-06-19 21:30:05.453996+00', ''),
	('00000000-0000-0000-0000-000000000000', 'd2bd3803-8f27-4211-8027-4ef2fc901272', '{"action":"user_signedup","actor_id":"b3c2ba3d-8bd7-4281-adc0-ab9b68e9fccd","actor_username":"david383812+02@gmail.com","actor_via_sso":false,"log_type":"team"}', '2025-06-19 21:30:21.982549+00', ''),
	('00000000-0000-0000-0000-000000000000', 'bf9eebcf-3c6e-4e5c-be9e-124c51011a5b', '{"action":"login","actor_id":"aea728c3-d5a1-468e-ae22-301843966418","actor_username":"david383812@gmail.com","actor_via_sso":false,"log_type":"account","traits":{"provider":"email"}}', '2025-06-19 21:33:40.241924+00', ''),
	('00000000-0000-0000-0000-000000000000', '1d89efdf-0ba8-448e-9a23-769187c99007', '{"action":"logout","actor_id":"aea728c3-d5a1-468e-ae22-301843966418","actor_username":"david383812@gmail.com","actor_via_sso":false,"log_type":"account"}', '2025-06-19 21:33:55.925925+00', ''),
	('00000000-0000-0000-0000-000000000000', '0620caca-bea7-4df8-b500-0d7d51896f64', '{"action":"user_repeated_signup","actor_id":"aea728c3-d5a1-468e-ae22-301843966418","actor_username":"david383812@gmail.com","actor_via_sso":false,"log_type":"user","traits":{"provider":"email"}}', '2025-06-19 21:49:24.07564+00', ''),
	('00000000-0000-0000-0000-000000000000', '77573935-6fd7-44bb-94fd-41ba1223285d', '{"action":"user_deleted","actor_id":"00000000-0000-0000-0000-000000000000","actor_username":"service_role","actor_via_sso":false,"log_type":"team","traits":{"user_email":"david383812+02@gmail.com","user_id":"b3c2ba3d-8bd7-4281-adc0-ab9b68e9fccd","user_phone":""}}', '2025-06-19 21:50:31.755673+00', ''),
	('00000000-0000-0000-0000-000000000000', '63bfc459-3d82-43e4-b6bd-8e9f545ad924', '{"action":"user_deleted","actor_id":"00000000-0000-0000-0000-000000000000","actor_username":"service_role","actor_via_sso":false,"log_type":"team","traits":{"user_email":"david383812@gmail.com","user_id":"aea728c3-d5a1-468e-ae22-301843966418","user_phone":""}}', '2025-06-19 21:50:31.778717+00', ''),
	('00000000-0000-0000-0000-000000000000', '7e7769ca-dfee-407b-a439-8d4428d03cc8', '{"action":"user_confirmation_requested","actor_id":"79fc10a4-86c4-452e-9cfc-7d0f2595df47","actor_username":"david383812@gmail.com","actor_via_sso":false,"log_type":"user","traits":{"provider":"email"}}', '2025-06-19 21:50:57.424179+00', ''),
	('00000000-0000-0000-0000-000000000000', '6adb2718-09c0-4d9a-9722-43282873f86d', '{"action":"user_confirmation_requested","actor_id":"79fc10a4-86c4-452e-9cfc-7d0f2595df47","actor_username":"david383812@gmail.com","actor_via_sso":false,"log_type":"user","traits":{"provider":"email"}}', '2025-06-19 21:58:10.631737+00', ''),
	('00000000-0000-0000-0000-000000000000', '610ae52a-8ebb-4331-9ece-556a17bef13c', '{"action":"user_deleted","actor_id":"00000000-0000-0000-0000-000000000000","actor_username":"service_role","actor_via_sso":false,"log_type":"team","traits":{"user_email":"david383812@gmail.com","user_id":"79fc10a4-86c4-452e-9cfc-7d0f2595df47","user_phone":""}}', '2025-06-19 22:02:12.552089+00', ''),
	('00000000-0000-0000-0000-000000000000', '7f16bb67-b98b-4b9f-b9ee-1ee9b82a6db3', '{"action":"user_confirmation_requested","actor_id":"1d4803da-7e70-4c3c-b3c5-9ec3441461f6","actor_username":"david383812@gmail.com","actor_via_sso":false,"log_type":"user","traits":{"provider":"email"}}', '2025-06-19 22:06:39.875501+00', ''),
	('00000000-0000-0000-0000-000000000000', 'd1fec596-b1e7-42eb-b812-9538382a65c5', '{"action":"user_deleted","actor_id":"00000000-0000-0000-0000-000000000000","actor_username":"service_role","actor_via_sso":false,"log_type":"team","traits":{"user_email":"david383812@gmail.com","user_id":"1d4803da-7e70-4c3c-b3c5-9ec3441461f6","user_phone":""}}', '2025-06-19 22:11:29.531464+00', ''),
	('00000000-0000-0000-0000-000000000000', 'e729317d-71ef-4b66-91fb-80973b753d2e', '{"action":"user_confirmation_requested","actor_id":"2c7444d3-8aaf-40e2-998d-9b1fad67fd13","actor_username":"david383812@gmail.com","actor_via_sso":false,"log_type":"user","traits":{"provider":"email"}}', '2025-06-19 22:16:37.448588+00', ''),
	('00000000-0000-0000-0000-000000000000', '92868e70-f7ae-4ee5-b457-8bf4deb34a0c', '{"action":"user_signedup","actor_id":"2c7444d3-8aaf-40e2-998d-9b1fad67fd13","actor_username":"david383812@gmail.com","actor_via_sso":false,"log_type":"team"}', '2025-06-19 22:16:51.075548+00', ''),
	('00000000-0000-0000-0000-000000000000', '9aff0ea6-0a42-4f92-a316-2d699ec63d34', '{"action":"login","actor_id":"2c7444d3-8aaf-40e2-998d-9b1fad67fd13","actor_username":"david383812@gmail.com","actor_via_sso":false,"log_type":"account","traits":{"provider":"email"}}', '2025-06-19 22:18:49.8351+00', ''),
	('00000000-0000-0000-0000-000000000000', '685de680-ef5b-424e-aa6b-55cf95b99c24', '{"action":"login","actor_id":"2c7444d3-8aaf-40e2-998d-9b1fad67fd13","actor_username":"david383812@gmail.com","actor_via_sso":false,"log_type":"account","traits":{"provider":"email"}}', '2025-06-19 22:19:07.103875+00', ''),
	('00000000-0000-0000-0000-000000000000', '02796865-2a15-4e68-a9d1-7a13bb68c73b', '{"action":"user_confirmation_requested","actor_id":"c73558d5-af1a-4e50-9cbb-d499708d53d2","actor_username":"david383812+02@gmail.com","actor_via_sso":false,"log_type":"user","traits":{"provider":"email"}}', '2025-06-19 22:20:55.927692+00', ''),
	('00000000-0000-0000-0000-000000000000', '043fb37d-1350-4362-89e3-922a01e4d2ab', '{"action":"user_signedup","actor_id":"c73558d5-af1a-4e50-9cbb-d499708d53d2","actor_username":"david383812+02@gmail.com","actor_via_sso":false,"log_type":"team"}', '2025-06-19 22:21:35.442409+00', ''),
	('00000000-0000-0000-0000-000000000000', '50268487-bb68-46fe-9abd-ceefafc4bd93', '{"action":"user_deleted","actor_id":"00000000-0000-0000-0000-000000000000","actor_username":"service_role","actor_via_sso":false,"log_type":"team","traits":{"user_email":"david383812+02@gmail.com","user_id":"c73558d5-af1a-4e50-9cbb-d499708d53d2","user_phone":""}}', '2025-06-19 22:25:54.68201+00', ''),
	('00000000-0000-0000-0000-000000000000', '696a13a4-6809-463a-94b1-2bdd70f02b81', '{"action":"user_deleted","actor_id":"00000000-0000-0000-0000-000000000000","actor_username":"service_role","actor_via_sso":false,"log_type":"team","traits":{"user_email":"david383812@gmail.com","user_id":"2c7444d3-8aaf-40e2-998d-9b1fad67fd13","user_phone":""}}', '2025-06-19 22:25:54.696492+00', ''),
	('00000000-0000-0000-0000-000000000000', 'c72ae6fe-becb-4201-b50a-197a82592109', '{"action":"user_confirmation_requested","actor_id":"11350e04-6150-44d1-b4a4-019199ff5944","actor_username":"david383812@gmail.com","actor_via_sso":false,"log_type":"user","traits":{"provider":"email"}}', '2025-06-19 22:36:39.738204+00', ''),
	('00000000-0000-0000-0000-000000000000', 'b3762e0d-a5a4-45ed-9538-252790f7b240', '{"action":"user_signedup","actor_id":"11350e04-6150-44d1-b4a4-019199ff5944","actor_username":"david383812@gmail.com","actor_via_sso":false,"log_type":"team"}', '2025-06-19 22:36:53.675286+00', ''),
	('00000000-0000-0000-0000-000000000000', '983b659f-df7d-4df4-93f0-81c7a1b672c7', '{"action":"login","actor_id":"11350e04-6150-44d1-b4a4-019199ff5944","actor_username":"david383812@gmail.com","actor_via_sso":false,"log_type":"account","traits":{"provider":"email"}}', '2025-06-19 22:37:02.464365+00', ''),
	('00000000-0000-0000-0000-000000000000', 'ee17a068-0055-4b53-8f17-0e5a6e8a5c5e', '{"action":"login","actor_id":"11350e04-6150-44d1-b4a4-019199ff5944","actor_username":"david383812@gmail.com","actor_via_sso":false,"log_type":"account","traits":{"provider":"email"}}', '2025-06-19 22:42:01.093647+00', ''),
	('00000000-0000-0000-0000-000000000000', '37445106-be0d-4f73-b9cf-e5e6d7dab711', '{"action":"user_deleted","actor_id":"00000000-0000-0000-0000-000000000000","actor_username":"service_role","actor_via_sso":false,"log_type":"team","traits":{"user_email":"david383812@gmail.com","user_id":"11350e04-6150-44d1-b4a4-019199ff5944","user_phone":""}}', '2025-06-19 22:42:21.867926+00', ''),
	('00000000-0000-0000-0000-000000000000', 'c231413e-d202-4bd5-bdb1-9b0bd738d0a3', '{"action":"user_confirmation_requested","actor_id":"b6ac0f79-ae81-4e2a-ad23-7b33c36e5c5b","actor_username":"david383812@gmail.com","actor_via_sso":false,"log_type":"user","traits":{"provider":"email"}}', '2025-06-19 22:43:29.620926+00', ''),
	('00000000-0000-0000-0000-000000000000', '565a6fa3-c1e1-459a-b558-22bb2cc422cb', '{"action":"user_signedup","actor_id":"b6ac0f79-ae81-4e2a-ad23-7b33c36e5c5b","actor_username":"david383812@gmail.com","actor_via_sso":false,"log_type":"team"}', '2025-06-19 22:44:13.339403+00', ''),
	('00000000-0000-0000-0000-000000000000', '2c78fb07-e6c6-45ff-84bf-37a65232e93d', '{"action":"login","actor_id":"b6ac0f79-ae81-4e2a-ad23-7b33c36e5c5b","actor_username":"david383812@gmail.com","actor_via_sso":false,"log_type":"account","traits":{"provider":"email"}}', '2025-06-19 22:45:35.174082+00', ''),
	('00000000-0000-0000-0000-000000000000', 'b8441661-303d-4366-8e85-11336bc9e830', '{"action":"logout","actor_id":"b6ac0f79-ae81-4e2a-ad23-7b33c36e5c5b","actor_username":"david383812@gmail.com","actor_via_sso":false,"log_type":"account"}', '2025-06-19 22:45:47.526599+00', ''),
	('00000000-0000-0000-0000-000000000000', '5f01230e-915b-4637-b0a2-4dd23e97e53f', '{"action":"login","actor_id":"b6ac0f79-ae81-4e2a-ad23-7b33c36e5c5b","actor_username":"david383812@gmail.com","actor_via_sso":false,"log_type":"account","traits":{"provider":"email"}}', '2025-06-19 22:48:18.698879+00', ''),
	('00000000-0000-0000-0000-000000000000', '68ebcde8-b54e-48ec-8a5c-b458251fc91f', '{"action":"login","actor_id":"b6ac0f79-ae81-4e2a-ad23-7b33c36e5c5b","actor_username":"david383812@gmail.com","actor_via_sso":false,"log_type":"account","traits":{"provider":"email"}}', '2025-06-19 22:51:07.129509+00', ''),
	('00000000-0000-0000-0000-000000000000', '02d11b1b-e1aa-4503-8b86-ce9a35ebf26d', '{"action":"logout","actor_id":"b6ac0f79-ae81-4e2a-ad23-7b33c36e5c5b","actor_username":"david383812@gmail.com","actor_via_sso":false,"log_type":"account"}', '2025-06-19 22:51:16.668687+00', ''),
	('00000000-0000-0000-0000-000000000000', '1ee1c096-2e05-43eb-a492-0868b3b07e27', '{"action":"user_confirmation_requested","actor_id":"6ef67b7d-4e26-42a1-bc52-015d611332b9","actor_username":"david383812+02@gmail.com","actor_via_sso":false,"log_type":"user","traits":{"provider":"email"}}', '2025-06-19 22:52:33.489182+00', ''),
	('00000000-0000-0000-0000-000000000000', '01d9214b-a5da-424d-9f1b-370c3f0afa55', '{"action":"user_signedup","actor_id":"6ef67b7d-4e26-42a1-bc52-015d611332b9","actor_username":"david383812+02@gmail.com","actor_via_sso":false,"log_type":"team"}', '2025-06-19 22:53:07.138423+00', ''),
	('00000000-0000-0000-0000-000000000000', 'b2ffbacd-dd6f-4ffa-8517-8cb0f7e85746', '{"action":"login","actor_id":"6ef67b7d-4e26-42a1-bc52-015d611332b9","actor_username":"david383812+02@gmail.com","actor_via_sso":false,"log_type":"account","traits":{"provider":"email"}}', '2025-06-19 22:53:41.69831+00', ''),
	('00000000-0000-0000-0000-000000000000', '157896bc-5920-4766-a7e5-8bcc19867caf', '{"action":"login","actor_id":"b6ac0f79-ae81-4e2a-ad23-7b33c36e5c5b","actor_username":"david383812@gmail.com","actor_via_sso":false,"log_type":"account","traits":{"provider":"email"}}', '2025-06-19 22:55:34.775067+00', ''),
	('00000000-0000-0000-0000-000000000000', 'b4bb5d7f-0a4f-4be8-b021-d79d67c1cccc', '{"action":"logout","actor_id":"b6ac0f79-ae81-4e2a-ad23-7b33c36e5c5b","actor_username":"david383812@gmail.com","actor_via_sso":false,"log_type":"account"}', '2025-06-19 22:55:58.05404+00', ''),
	('00000000-0000-0000-0000-000000000000', 'caf95bfd-ee0b-446c-943a-24c4ec2deba9', '{"action":"user_confirmation_requested","actor_id":"c65f50e3-9d24-474b-9bcc-82ba01f3e08e","actor_username":"david383812+01@gmail.com","actor_via_sso":false,"log_type":"user","traits":{"provider":"email"}}', '2025-06-19 22:56:22.348654+00', ''),
	('00000000-0000-0000-0000-000000000000', '6147ccc8-c349-494a-a2eb-504db09e94b4', '{"action":"user_signedup","actor_id":"c65f50e3-9d24-474b-9bcc-82ba01f3e08e","actor_username":"david383812+01@gmail.com","actor_via_sso":false,"log_type":"team"}', '2025-06-19 22:56:43.557659+00', ''),
	('00000000-0000-0000-0000-000000000000', 'cbde0208-73f2-4e68-bcb8-bc0e52eda465', '{"action":"login","actor_id":"c65f50e3-9d24-474b-9bcc-82ba01f3e08e","actor_username":"david383812+01@gmail.com","actor_via_sso":false,"log_type":"account","traits":{"provider":"email"}}', '2025-06-19 22:57:20.909047+00', ''),
	('00000000-0000-0000-0000-000000000000', '10e06d1e-ce99-46ae-b58c-1d57a598d502', '{"action":"logout","actor_id":"c65f50e3-9d24-474b-9bcc-82ba01f3e08e","actor_username":"david383812+01@gmail.com","actor_via_sso":false,"log_type":"account"}', '2025-06-19 22:57:34.675004+00', ''),
	('00000000-0000-0000-0000-000000000000', '98332583-30ba-4fe3-b097-29783ee8a1a5', '{"action":"login","actor_id":"c65f50e3-9d24-474b-9bcc-82ba01f3e08e","actor_username":"david383812+01@gmail.com","actor_via_sso":false,"log_type":"account","traits":{"provider":"email"}}', '2025-06-19 22:57:56.656064+00', ''),
	('00000000-0000-0000-0000-000000000000', 'c0031db8-a825-49ed-aab7-a520751e4dbe', '{"action":"logout","actor_id":"c65f50e3-9d24-474b-9bcc-82ba01f3e08e","actor_username":"david383812+01@gmail.com","actor_via_sso":false,"log_type":"account"}', '2025-06-19 22:58:13.637931+00', ''),
	('00000000-0000-0000-0000-000000000000', '45d3f507-ad26-4488-95ba-40b356f201f8', '{"action":"login","actor_id":"b6ac0f79-ae81-4e2a-ad23-7b33c36e5c5b","actor_username":"david383812@gmail.com","actor_via_sso":false,"log_type":"account","traits":{"provider":"email"}}', '2025-06-19 23:01:23.298174+00', ''),
	('00000000-0000-0000-0000-000000000000', '197f3820-61cf-4bd1-8d0c-54a3c90ccb01', '{"action":"logout","actor_id":"b6ac0f79-ae81-4e2a-ad23-7b33c36e5c5b","actor_username":"david383812@gmail.com","actor_via_sso":false,"log_type":"account"}', '2025-06-19 23:01:29.790425+00', ''),
	('00000000-0000-0000-0000-000000000000', 'f9885334-320a-45d7-bf4e-0f444e551285', '{"action":"user_confirmation_requested","actor_id":"ff1c0a42-32b7-4179-80c9-a3010d5f2631","actor_username":"david383812+05@gmail.com","actor_via_sso":false,"log_type":"user","traits":{"provider":"email"}}', '2025-06-19 23:01:54.115385+00', ''),
	('00000000-0000-0000-0000-000000000000', '671cf096-5176-4915-ad0d-b4b450857bbb', '{"action":"user_signedup","actor_id":"ff1c0a42-32b7-4179-80c9-a3010d5f2631","actor_username":"david383812+05@gmail.com","actor_via_sso":false,"log_type":"team"}', '2025-06-19 23:02:01.940757+00', ''),
	('00000000-0000-0000-0000-000000000000', '39ed1ddb-eb44-46d5-b969-6a2aab18b434', '{"action":"logout","actor_id":"ff1c0a42-32b7-4179-80c9-a3010d5f2631","actor_username":"david383812+05@gmail.com","actor_via_sso":false,"log_type":"account"}', '2025-06-19 23:02:17.20394+00', ''),
	('00000000-0000-0000-0000-000000000000', 'bd307cc8-b848-4184-aad4-5806c0e9e633', '{"action":"login","actor_id":"b6ac0f79-ae81-4e2a-ad23-7b33c36e5c5b","actor_username":"david383812@gmail.com","actor_via_sso":false,"log_type":"account","traits":{"provider":"email"}}', '2025-06-19 23:03:28.446221+00', ''),
	('00000000-0000-0000-0000-000000000000', 'd1820b8b-a5ef-44b8-8c96-8ef6ecff3294', '{"action":"login","actor_id":"b6ac0f79-ae81-4e2a-ad23-7b33c36e5c5b","actor_username":"david383812@gmail.com","actor_via_sso":false,"log_type":"account","traits":{"provider":"email"}}', '2025-06-19 23:57:22.485031+00', ''),
	('00000000-0000-0000-0000-000000000000', '6ae3680c-64bb-4d52-9808-bc758f1c0c56', '{"action":"token_refreshed","actor_id":"6ef67b7d-4e26-42a1-bc52-015d611332b9","actor_username":"david383812+02@gmail.com","actor_via_sso":false,"log_type":"token"}', '2025-06-20 16:18:07.308187+00', ''),
	('00000000-0000-0000-0000-000000000000', '579a4fe9-d70a-453a-ae96-8151a42a1ceb', '{"action":"token_revoked","actor_id":"6ef67b7d-4e26-42a1-bc52-015d611332b9","actor_username":"david383812+02@gmail.com","actor_via_sso":false,"log_type":"token"}', '2025-06-20 16:18:07.316651+00', ''),
	('00000000-0000-0000-0000-000000000000', '0013455c-4e8e-4b01-a293-2646b978d193', '{"action":"token_refreshed","actor_id":"b6ac0f79-ae81-4e2a-ad23-7b33c36e5c5b","actor_username":"david383812@gmail.com","actor_via_sso":false,"log_type":"token"}', '2025-06-20 16:19:07.153747+00', ''),
	('00000000-0000-0000-0000-000000000000', 'c2a1b173-1b98-42cf-8642-93fde3562ce4', '{"action":"token_revoked","actor_id":"b6ac0f79-ae81-4e2a-ad23-7b33c36e5c5b","actor_username":"david383812@gmail.com","actor_via_sso":false,"log_type":"token"}', '2025-06-20 16:19:07.155069+00', ''),
	('00000000-0000-0000-0000-000000000000', '8a152ce8-9370-4b27-9d0a-4b98923a693e', '{"action":"logout","actor_id":"6ef67b7d-4e26-42a1-bc52-015d611332b9","actor_username":"david383812+02@gmail.com","actor_via_sso":false,"log_type":"account"}', '2025-06-20 16:24:44.645839+00', ''),
	('00000000-0000-0000-0000-000000000000', '61d489f1-17b4-454a-a32f-e86f12eb96fe', '{"action":"login","actor_id":"6ef67b7d-4e26-42a1-bc52-015d611332b9","actor_username":"david383812+02@gmail.com","actor_via_sso":false,"log_type":"account","traits":{"provider":"email"}}', '2025-06-20 16:24:51.683874+00', ''),
	('00000000-0000-0000-0000-000000000000', '84d02a0c-b51f-4a52-b9ed-b94d9d36e64a', '{"action":"logout","actor_id":"6ef67b7d-4e26-42a1-bc52-015d611332b9","actor_username":"david383812+02@gmail.com","actor_via_sso":false,"log_type":"account"}', '2025-06-20 16:24:59.931169+00', ''),
	('00000000-0000-0000-0000-000000000000', '54895911-47ad-47cb-a7b9-ee55f4b574d0', '{"action":"login","actor_id":"c65f50e3-9d24-474b-9bcc-82ba01f3e08e","actor_username":"david383812+01@gmail.com","actor_via_sso":false,"log_type":"account","traits":{"provider":"email"}}', '2025-06-20 16:25:04.739585+00', ''),
	('00000000-0000-0000-0000-000000000000', '7b1feda3-a65a-48cb-949d-85392bffd0d7', '{"action":"logout","actor_id":"c65f50e3-9d24-474b-9bcc-82ba01f3e08e","actor_username":"david383812+01@gmail.com","actor_via_sso":false,"log_type":"account"}', '2025-06-20 16:25:17.262165+00', ''),
	('00000000-0000-0000-0000-000000000000', 'ada30c53-ab6d-490d-af3b-a9a49b562de6', '{"action":"logout","actor_id":"b6ac0f79-ae81-4e2a-ad23-7b33c36e5c5b","actor_username":"david383812@gmail.com","actor_via_sso":false,"log_type":"account"}', '2025-06-20 16:25:28.288965+00', ''),
	('00000000-0000-0000-0000-000000000000', '7abae993-450c-4b19-907c-ff4878e30158', '{"action":"user_recovery_requested","actor_id":"b6ac0f79-ae81-4e2a-ad23-7b33c36e5c5b","actor_username":"david383812@gmail.com","actor_via_sso":false,"log_type":"user"}', '2025-06-20 16:25:51.570214+00', ''),
	('00000000-0000-0000-0000-000000000000', '445431a0-bdd0-4720-8f59-257e573f7985', '{"action":"login","actor_id":"b6ac0f79-ae81-4e2a-ad23-7b33c36e5c5b","actor_username":"david383812@gmail.com","actor_via_sso":false,"log_type":"account"}', '2025-06-20 16:26:34.793386+00', ''),
	('00000000-0000-0000-0000-000000000000', '31220545-96ea-4854-8cf5-f0a7f8bb4e05', '{"action":"login","actor_id":"6ef67b7d-4e26-42a1-bc52-015d611332b9","actor_username":"david383812+02@gmail.com","actor_via_sso":false,"log_type":"account","traits":{"provider":"email"}}', '2025-06-20 16:27:31.821937+00', ''),
	('00000000-0000-0000-0000-000000000000', '7029067f-0f01-4e5d-9276-ac7ece8b98c8', '{"action":"logout","actor_id":"6ef67b7d-4e26-42a1-bc52-015d611332b9","actor_username":"david383812+02@gmail.com","actor_via_sso":false,"log_type":"account"}', '2025-06-20 16:27:38.152742+00', ''),
	('00000000-0000-0000-0000-000000000000', 'a6841017-8892-4f67-a214-48b96f3c9e2b', '{"action":"login","actor_id":"c65f50e3-9d24-474b-9bcc-82ba01f3e08e","actor_username":"david383812+01@gmail.com","actor_via_sso":false,"log_type":"account","traits":{"provider":"email"}}', '2025-06-20 16:27:44.205101+00', ''),
	('00000000-0000-0000-0000-000000000000', 'a2dcbac8-75ab-45d9-b9d0-972e2e25a9df', '{"action":"login","actor_id":"b6ac0f79-ae81-4e2a-ad23-7b33c36e5c5b","actor_username":"david383812@gmail.com","actor_via_sso":false,"log_type":"account","traits":{"provider":"email"}}', '2025-06-20 16:37:52.984261+00', ''),
	('00000000-0000-0000-0000-000000000000', 'abbe4d99-8cb4-4952-bc61-64b20da5e557', '{"action":"logout","actor_id":"b6ac0f79-ae81-4e2a-ad23-7b33c36e5c5b","actor_username":"david383812@gmail.com","actor_via_sso":false,"log_type":"account"}', '2025-06-20 16:38:29.407584+00', ''),
	('00000000-0000-0000-0000-000000000000', 'aedcb4b9-1f53-424f-8692-84d24f26b59e', '{"action":"login","actor_id":"c65f50e3-9d24-474b-9bcc-82ba01f3e08e","actor_username":"david383812+01@gmail.com","actor_via_sso":false,"log_type":"account","traits":{"provider":"email"}}', '2025-06-20 16:38:35.047013+00', ''),
	('00000000-0000-0000-0000-000000000000', '3cfb75f5-b601-490c-83ea-0fadb86b3358', '{"action":"logout","actor_id":"c65f50e3-9d24-474b-9bcc-82ba01f3e08e","actor_username":"david383812+01@gmail.com","actor_via_sso":false,"log_type":"account"}', '2025-06-20 16:38:54.448683+00', ''),
	('00000000-0000-0000-0000-000000000000', '9852cc75-7dd0-4756-8290-35e5d176c454', '{"action":"login","actor_id":"b6ac0f79-ae81-4e2a-ad23-7b33c36e5c5b","actor_username":"david383812@gmail.com","actor_via_sso":false,"log_type":"account","traits":{"provider":"email"}}', '2025-06-20 16:38:56.845216+00', ''),
	('00000000-0000-0000-0000-000000000000', '41abb009-2276-466b-ba26-0c2ec809654c', '{"action":"logout","actor_id":"b6ac0f79-ae81-4e2a-ad23-7b33c36e5c5b","actor_username":"david383812@gmail.com","actor_via_sso":false,"log_type":"account"}', '2025-06-20 16:39:04.32233+00', ''),
	('00000000-0000-0000-0000-000000000000', '2578f6e6-1f3f-4a9b-a2b0-f8b7e70a8dba', '{"action":"login","actor_id":"6ef67b7d-4e26-42a1-bc52-015d611332b9","actor_username":"david383812+02@gmail.com","actor_via_sso":false,"log_type":"account","traits":{"provider":"email"}}', '2025-06-20 16:39:10.770445+00', ''),
	('00000000-0000-0000-0000-000000000000', '196be657-5b7f-483f-82f1-1634068df930', '{"action":"logout","actor_id":"6ef67b7d-4e26-42a1-bc52-015d611332b9","actor_username":"david383812+02@gmail.com","actor_via_sso":false,"log_type":"account"}', '2025-06-20 16:40:37.314351+00', ''),
	('00000000-0000-0000-0000-000000000000', 'f818c03b-8c27-4df3-b217-dfd30d91580f', '{"action":"login","actor_id":"b6ac0f79-ae81-4e2a-ad23-7b33c36e5c5b","actor_username":"david383812@gmail.com","actor_via_sso":false,"log_type":"account","traits":{"provider":"email"}}', '2025-06-20 16:40:40.413838+00', ''),
	('00000000-0000-0000-0000-000000000000', '7276d062-63ca-4ce2-8606-78600b5f0833', '{"action":"logout","actor_id":"b6ac0f79-ae81-4e2a-ad23-7b33c36e5c5b","actor_username":"david383812@gmail.com","actor_via_sso":false,"log_type":"account"}', '2025-06-20 16:48:01.116422+00', ''),
	('00000000-0000-0000-0000-000000000000', '4277f412-3a2c-4097-93cb-2a8156083a6e', '{"action":"login","actor_id":"6ef67b7d-4e26-42a1-bc52-015d611332b9","actor_username":"david383812+02@gmail.com","actor_via_sso":false,"log_type":"account","traits":{"provider":"email"}}', '2025-06-20 16:48:07.545187+00', ''),
	('00000000-0000-0000-0000-000000000000', '0cacb1d4-3318-48ab-8857-c176f00fa4ea', '{"action":"login","actor_id":"b6ac0f79-ae81-4e2a-ad23-7b33c36e5c5b","actor_username":"david383812@gmail.com","actor_via_sso":false,"log_type":"account","traits":{"provider":"email"}}', '2025-06-20 17:00:48.665943+00', ''),
	('00000000-0000-0000-0000-000000000000', '935ce1ff-a547-4478-85d3-24bbce81b3db', '{"action":"logout","actor_id":"b6ac0f79-ae81-4e2a-ad23-7b33c36e5c5b","actor_username":"david383812@gmail.com","actor_via_sso":false,"log_type":"account"}', '2025-06-20 17:01:37.120568+00', ''),
	('00000000-0000-0000-0000-000000000000', '6737ac29-88be-4278-a99e-c4437c6e42f9', '{"action":"login","actor_id":"6ef67b7d-4e26-42a1-bc52-015d611332b9","actor_username":"david383812+02@gmail.com","actor_via_sso":false,"log_type":"account","traits":{"provider":"email"}}', '2025-06-20 17:01:43.937061+00', ''),
	('00000000-0000-0000-0000-000000000000', 'b34be1a5-d9c5-473c-8a86-d866662ebd49', '{"action":"logout","actor_id":"6ef67b7d-4e26-42a1-bc52-015d611332b9","actor_username":"david383812+02@gmail.com","actor_via_sso":false,"log_type":"account"}', '2025-06-20 17:02:45.442399+00', ''),
	('00000000-0000-0000-0000-000000000000', 'bf0a4a36-1094-45bc-be71-67fe5ebcdbcb', '{"action":"login","actor_id":"b6ac0f79-ae81-4e2a-ad23-7b33c36e5c5b","actor_username":"david383812@gmail.com","actor_via_sso":false,"log_type":"account","traits":{"provider":"email"}}', '2025-06-20 17:03:48.020749+00', ''),
	('00000000-0000-0000-0000-000000000000', 'd0c8d939-872e-4293-bb68-9557799dfb69', '{"action":"logout","actor_id":"b6ac0f79-ae81-4e2a-ad23-7b33c36e5c5b","actor_username":"david383812@gmail.com","actor_via_sso":false,"log_type":"account"}', '2025-06-20 17:04:06.638031+00', ''),
	('00000000-0000-0000-0000-000000000000', '22079643-f1ed-4a64-bfc2-f847fd86b82d', '{"action":"login","actor_id":"b6ac0f79-ae81-4e2a-ad23-7b33c36e5c5b","actor_username":"david383812@gmail.com","actor_via_sso":false,"log_type":"account","traits":{"provider":"email"}}', '2025-06-20 17:05:30.8357+00', ''),
	('00000000-0000-0000-0000-000000000000', 'a83ee7f0-a751-4730-af8f-288b75cb92bb', '{"action":"logout","actor_id":"b6ac0f79-ae81-4e2a-ad23-7b33c36e5c5b","actor_username":"david383812@gmail.com","actor_via_sso":false,"log_type":"account"}', '2025-06-20 17:06:21.597735+00', ''),
	('00000000-0000-0000-0000-000000000000', '324ece14-2fcf-49cd-8418-4e05ff85f560', '{"action":"login","actor_id":"b6ac0f79-ae81-4e2a-ad23-7b33c36e5c5b","actor_username":"david383812@gmail.com","actor_via_sso":false,"log_type":"account","traits":{"provider":"email"}}', '2025-06-20 17:19:08.946176+00', ''),
	('00000000-0000-0000-0000-000000000000', '948c4836-e38b-4301-8488-04a191915786', '{"action":"login","actor_id":"b6ac0f79-ae81-4e2a-ad23-7b33c36e5c5b","actor_username":"david383812@gmail.com","actor_via_sso":false,"log_type":"account","traits":{"provider":"email"}}', '2025-06-20 17:19:41.989174+00', ''),
	('00000000-0000-0000-0000-000000000000', '8dda994a-952d-429b-a292-6d357181376a', '{"action":"logout","actor_id":"b6ac0f79-ae81-4e2a-ad23-7b33c36e5c5b","actor_username":"david383812@gmail.com","actor_via_sso":false,"log_type":"account"}', '2025-06-20 17:19:50.36598+00', ''),
	('00000000-0000-0000-0000-000000000000', '09c76e25-1918-4222-a163-d236d4efa5bf', '{"action":"login","actor_id":"b6ac0f79-ae81-4e2a-ad23-7b33c36e5c5b","actor_username":"david383812@gmail.com","actor_via_sso":false,"log_type":"account","traits":{"provider":"email"}}', '2025-06-20 17:31:38.522089+00', ''),
	('00000000-0000-0000-0000-000000000000', '7531689d-f5be-4ffb-8466-48a1ad7efd0f', '{"action":"logout","actor_id":"b6ac0f79-ae81-4e2a-ad23-7b33c36e5c5b","actor_username":"david383812@gmail.com","actor_via_sso":false,"log_type":"account"}', '2025-06-20 17:31:43.349721+00', ''),
	('00000000-0000-0000-0000-000000000000', 'eb41f1e7-11b2-4da8-bb11-d0872788488c', '{"action":"login","actor_id":"6ef67b7d-4e26-42a1-bc52-015d611332b9","actor_username":"david383812+02@gmail.com","actor_via_sso":false,"log_type":"account","traits":{"provider":"email"}}', '2025-06-20 17:34:38.998978+00', ''),
	('00000000-0000-0000-0000-000000000000', '938f23ed-2e25-4a4d-80bf-ff3a6b755eac', '{"action":"login","actor_id":"6ef67b7d-4e26-42a1-bc52-015d611332b9","actor_username":"david383812+02@gmail.com","actor_via_sso":false,"log_type":"account","traits":{"provider":"email"}}', '2025-06-20 17:47:54.100022+00', ''),
	('00000000-0000-0000-0000-000000000000', 'e87ff4ae-c7c3-4bc8-8c1b-975d8b2254ee', '{"action":"login","actor_id":"b6ac0f79-ae81-4e2a-ad23-7b33c36e5c5b","actor_username":"david383812@gmail.com","actor_via_sso":false,"log_type":"account","traits":{"provider":"email"}}', '2025-06-20 18:44:02.917726+00', ''),
	('00000000-0000-0000-0000-000000000000', 'ac44010d-9c63-4f38-950c-72549dda73cb', '{"action":"login","actor_id":"b6ac0f79-ae81-4e2a-ad23-7b33c36e5c5b","actor_username":"david383812@gmail.com","actor_via_sso":false,"log_type":"account","traits":{"provider":"email"}}', '2025-06-20 19:18:20.504175+00', ''),
	('00000000-0000-0000-0000-000000000000', '92c54d83-eb3b-4782-9c14-bf0aef79cae7', '{"action":"logout","actor_id":"b6ac0f79-ae81-4e2a-ad23-7b33c36e5c5b","actor_username":"david383812@gmail.com","actor_via_sso":false,"log_type":"account"}', '2025-06-20 19:18:50.240258+00', ''),
	('00000000-0000-0000-0000-000000000000', 'c241bcef-f333-41fd-88e4-4ba5033a7833', '{"action":"token_refreshed","actor_id":"6ef67b7d-4e26-42a1-bc52-015d611332b9","actor_username":"david383812+02@gmail.com","actor_via_sso":false,"log_type":"token"}', '2025-06-20 19:58:03.523539+00', ''),
	('00000000-0000-0000-0000-000000000000', '750868e1-e67e-47f2-96bc-b878f4f14ea5', '{"action":"token_revoked","actor_id":"6ef67b7d-4e26-42a1-bc52-015d611332b9","actor_username":"david383812+02@gmail.com","actor_via_sso":false,"log_type":"token"}', '2025-06-20 19:58:03.525956+00', ''),
	('00000000-0000-0000-0000-000000000000', '53595cf2-2c78-46ef-93f7-0ff41f89a44f', '{"action":"login","actor_id":"b6ac0f79-ae81-4e2a-ad23-7b33c36e5c5b","actor_username":"david383812@gmail.com","actor_via_sso":false,"log_type":"account","traits":{"provider":"email"}}', '2025-06-21 03:32:28.317602+00', ''),
	('00000000-0000-0000-0000-000000000000', 'd815ebaa-e9cd-4f40-ab1f-0fe8102b44ce', '{"action":"user_confirmation_requested","actor_id":"8f43f8b1-011b-4c5d-a16e-21495eb9de5c","actor_username":"daironlawyer77@gmail.com","actor_via_sso":false,"log_type":"user","traits":{"provider":"email"}}', '2025-06-21 07:12:15.925054+00', ''),
	('00000000-0000-0000-0000-000000000000', 'bf31240f-2456-4470-b1b0-0639ff7a062c', '{"action":"user_signedup","actor_id":"8f43f8b1-011b-4c5d-a16e-21495eb9de5c","actor_username":"daironlawyer77@gmail.com","actor_via_sso":false,"log_type":"team"}', '2025-06-21 07:12:30.872023+00', ''),
	('00000000-0000-0000-0000-000000000000', '5adb161f-5c72-4215-87ff-9dbcee2dd0b9', '{"action":"login","actor_id":"8f43f8b1-011b-4c5d-a16e-21495eb9de5c","actor_username":"daironlawyer77@gmail.com","actor_via_sso":false,"log_type":"account","traits":{"provider":"email"}}', '2025-06-21 08:24:21.104905+00', ''),
	('00000000-0000-0000-0000-000000000000', '7b9949c1-7a8d-47a7-87a0-2a841b89b212', '{"action":"token_refreshed","actor_id":"8f43f8b1-011b-4c5d-a16e-21495eb9de5c","actor_username":"daironlawyer77@gmail.com","actor_via_sso":false,"log_type":"token"}', '2025-06-21 09:59:03.223784+00', ''),
	('00000000-0000-0000-0000-000000000000', '2ff8f113-3f80-4e8c-8a2e-ccb83e3406a4', '{"action":"token_revoked","actor_id":"8f43f8b1-011b-4c5d-a16e-21495eb9de5c","actor_username":"daironlawyer77@gmail.com","actor_via_sso":false,"log_type":"token"}', '2025-06-21 09:59:03.225951+00', ''),
	('00000000-0000-0000-0000-000000000000', '10c41051-fe1d-49ff-be65-95f961211266', '{"action":"user_confirmation_requested","actor_id":"beb05de5-b887-43a7-a72f-f9971fa20351","actor_username":"danielaverdecia24@gmail.com","actor_via_sso":false,"log_type":"user","traits":{"provider":"email"}}', '2025-06-21 10:05:49.389461+00', ''),
	('00000000-0000-0000-0000-000000000000', 'b92dbdd0-bf11-466c-872e-70072957cdb0', '{"action":"user_signedup","actor_id":"beb05de5-b887-43a7-a72f-f9971fa20351","actor_username":"danielaverdecia24@gmail.com","actor_via_sso":false,"log_type":"team"}', '2025-06-21 10:06:36.785917+00', ''),
	('00000000-0000-0000-0000-000000000000', '28c0d90e-6110-4302-86dd-1daf40cc9bd9', '{"action":"login","actor_id":"beb05de5-b887-43a7-a72f-f9971fa20351","actor_username":"danielaverdecia24@gmail.com","actor_via_sso":false,"log_type":"account","traits":{"provider":"email"}}', '2025-06-21 10:06:50.346452+00', ''),
	('00000000-0000-0000-0000-000000000000', 'f4d92cd2-8274-4a48-b73a-0534a56c1352', '{"action":"token_refreshed","actor_id":"b6ac0f79-ae81-4e2a-ad23-7b33c36e5c5b","actor_username":"david383812@gmail.com","actor_via_sso":false,"log_type":"token"}', '2025-06-21 12:02:06.75402+00', ''),
	('00000000-0000-0000-0000-000000000000', '8b2f218d-e787-48d5-8386-460b0e8207a8', '{"action":"token_revoked","actor_id":"b6ac0f79-ae81-4e2a-ad23-7b33c36e5c5b","actor_username":"david383812@gmail.com","actor_via_sso":false,"log_type":"token"}', '2025-06-21 12:02:06.756353+00', ''),
	('00000000-0000-0000-0000-000000000000', '7a7baf17-8027-453a-b8b3-9081db384845', '{"action":"logout","actor_id":"b6ac0f79-ae81-4e2a-ad23-7b33c36e5c5b","actor_username":"david383812@gmail.com","actor_via_sso":false,"log_type":"account"}', '2025-06-21 12:02:14.702186+00', ''),
	('00000000-0000-0000-0000-000000000000', '571d8847-b952-4ca4-83d1-04bd6f841cfd', '{"action":"token_refreshed","actor_id":"6ef67b7d-4e26-42a1-bc52-015d611332b9","actor_username":"david383812+02@gmail.com","actor_via_sso":false,"log_type":"token"}', '2025-06-21 12:58:17.896468+00', ''),
	('00000000-0000-0000-0000-000000000000', '32702b65-9402-4054-9667-f6f111612919', '{"action":"token_revoked","actor_id":"6ef67b7d-4e26-42a1-bc52-015d611332b9","actor_username":"david383812+02@gmail.com","actor_via_sso":false,"log_type":"token"}', '2025-06-21 12:58:17.898685+00', ''),
	('00000000-0000-0000-0000-000000000000', 'c3621d65-22fb-4b66-a040-a486a0c524a4', '{"action":"user_recovery_requested","actor_id":"b6ac0f79-ae81-4e2a-ad23-7b33c36e5c5b","actor_username":"david383812@gmail.com","actor_via_sso":false,"log_type":"user"}', '2025-06-21 12:59:54.443982+00', ''),
	('00000000-0000-0000-0000-000000000000', '9cfe4f65-e731-40ec-bce9-8c826acfe7eb', '{"action":"login","actor_id":"b6ac0f79-ae81-4e2a-ad23-7b33c36e5c5b","actor_username":"david383812@gmail.com","actor_via_sso":false,"log_type":"account"}', '2025-06-21 13:00:16.77042+00', ''),
	('00000000-0000-0000-0000-000000000000', '9decbf43-db05-400c-818d-7c8f646a6ad3', '{"action":"user_updated_password","actor_id":"b6ac0f79-ae81-4e2a-ad23-7b33c36e5c5b","actor_username":"david383812@gmail.com","actor_via_sso":false,"log_type":"user"}', '2025-06-21 13:00:41.432775+00', ''),
	('00000000-0000-0000-0000-000000000000', 'd202bb59-4e7e-4328-a61b-7b14b65354e7', '{"action":"user_modified","actor_id":"b6ac0f79-ae81-4e2a-ad23-7b33c36e5c5b","actor_username":"david383812@gmail.com","actor_via_sso":false,"log_type":"user"}', '2025-06-21 13:00:41.434102+00', ''),
	('00000000-0000-0000-0000-000000000000', '0c5ef86d-c379-45c0-befb-ec84c81643a8', '{"action":"logout","actor_id":"b6ac0f79-ae81-4e2a-ad23-7b33c36e5c5b","actor_username":"david383812@gmail.com","actor_via_sso":false,"log_type":"account"}', '2025-06-21 13:13:17.224028+00', ''),
	('00000000-0000-0000-0000-000000000000', 'baabf451-3a8a-4c34-a0c3-17de8ee7b2db', '{"action":"login","actor_id":"b6ac0f79-ae81-4e2a-ad23-7b33c36e5c5b","actor_username":"david383812@gmail.com","actor_via_sso":false,"log_type":"account","traits":{"provider":"email"}}', '2025-06-21 13:13:35.924752+00', ''),
	('00000000-0000-0000-0000-000000000000', '0eb00705-c134-4e2b-9cda-8934b340f4d5', '{"action":"login","actor_id":"b6ac0f79-ae81-4e2a-ad23-7b33c36e5c5b","actor_username":"david383812@gmail.com","actor_via_sso":false,"log_type":"account","traits":{"provider":"email"}}', '2025-06-21 13:16:45.737476+00', ''),
	('00000000-0000-0000-0000-000000000000', '8f70300a-28d2-4643-aa8f-bb4c8ea0ba79', '{"action":"login","actor_id":"b6ac0f79-ae81-4e2a-ad23-7b33c36e5c5b","actor_username":"david383812@gmail.com","actor_via_sso":false,"log_type":"account","traits":{"provider":"email"}}', '2025-06-21 13:25:18.957978+00', ''),
	('00000000-0000-0000-0000-000000000000', 'b419aeda-a459-474e-91e9-e32131e738a2', '{"action":"login","actor_id":"b6ac0f79-ae81-4e2a-ad23-7b33c36e5c5b","actor_username":"david383812@gmail.com","actor_via_sso":false,"log_type":"account","traits":{"provider":"email"}}', '2025-06-21 13:41:50.944651+00', ''),
	('00000000-0000-0000-0000-000000000000', 'd5134b4b-3be5-4074-a5f6-0fd3ee5055b8', '{"action":"logout","actor_id":"b6ac0f79-ae81-4e2a-ad23-7b33c36e5c5b","actor_username":"david383812@gmail.com","actor_via_sso":false,"log_type":"account"}', '2025-06-21 13:42:07.55811+00', ''),
	('00000000-0000-0000-0000-000000000000', 'f593e406-4e85-450e-b889-201434007ea2', '{"action":"login","actor_id":"b6ac0f79-ae81-4e2a-ad23-7b33c36e5c5b","actor_username":"david383812@gmail.com","actor_via_sso":false,"log_type":"account","traits":{"provider":"email"}}', '2025-06-21 13:45:46.188327+00', ''),
	('00000000-0000-0000-0000-000000000000', 'a3e06eba-9b4e-4791-94e9-2af77c78c72c', '{"action":"logout","actor_id":"b6ac0f79-ae81-4e2a-ad23-7b33c36e5c5b","actor_username":"david383812@gmail.com","actor_via_sso":false,"log_type":"account"}', '2025-06-21 13:46:42.518311+00', ''),
	('00000000-0000-0000-0000-000000000000', 'a33d49d1-44a8-4f2f-b27e-f2882053b67d', '{"action":"login","actor_id":"b6ac0f79-ae81-4e2a-ad23-7b33c36e5c5b","actor_username":"david383812@gmail.com","actor_via_sso":false,"log_type":"account","traits":{"provider":"email"}}', '2025-06-21 21:23:20.262006+00', ''),
	('00000000-0000-0000-0000-000000000000', 'e0b15bb5-7a83-4bd9-93b0-60a345fe4a42', '{"action":"login","actor_id":"b6ac0f79-ae81-4e2a-ad23-7b33c36e5c5b","actor_username":"david383812@gmail.com","actor_via_sso":false,"log_type":"account","traits":{"provider":"email"}}', '2025-06-21 21:52:48.022583+00', ''),
	('00000000-0000-0000-0000-000000000000', '7d0d6900-a794-43ac-bf1d-aa5a5c404a84', '{"action":"logout","actor_id":"b6ac0f79-ae81-4e2a-ad23-7b33c36e5c5b","actor_username":"david383812@gmail.com","actor_via_sso":false,"log_type":"account"}', '2025-06-21 21:53:14.925882+00', ''),
	('00000000-0000-0000-0000-000000000000', '954f12c6-485f-4a8a-b4da-a43144c498bc', '{"action":"token_refreshed","actor_id":"8f43f8b1-011b-4c5d-a16e-21495eb9de5c","actor_username":"daironlawyer77@gmail.com","actor_via_sso":false,"log_type":"token"}', '2025-06-21 22:08:43.454785+00', ''),
	('00000000-0000-0000-0000-000000000000', '1a39d8b0-571a-4740-b47c-82118db2e2b3', '{"action":"token_revoked","actor_id":"8f43f8b1-011b-4c5d-a16e-21495eb9de5c","actor_username":"daironlawyer77@gmail.com","actor_via_sso":false,"log_type":"token"}', '2025-06-21 22:08:43.456364+00', ''),
	('00000000-0000-0000-0000-000000000000', 'be44ead5-3b88-4b19-a54c-05c26c40545f', '{"action":"login","actor_id":"b6ac0f79-ae81-4e2a-ad23-7b33c36e5c5b","actor_username":"david383812@gmail.com","actor_via_sso":false,"log_type":"account","traits":{"provider":"email"}}', '2025-06-21 22:12:27.276548+00', ''),
	('00000000-0000-0000-0000-000000000000', '8de45bf5-c1eb-4d74-b1ff-5fa3a2b7aee9', '{"action":"logout","actor_id":"b6ac0f79-ae81-4e2a-ad23-7b33c36e5c5b","actor_username":"david383812@gmail.com","actor_via_sso":false,"log_type":"account"}', '2025-06-21 22:12:38.397775+00', ''),
	('00000000-0000-0000-0000-000000000000', '43c13a5d-13f6-4c29-93ea-881af28a7432', '{"action":"login","actor_id":"c65f50e3-9d24-474b-9bcc-82ba01f3e08e","actor_username":"david383812+01@gmail.com","actor_via_sso":false,"log_type":"account","traits":{"provider":"email"}}', '2025-06-21 22:15:01.811008+00', ''),
	('00000000-0000-0000-0000-000000000000', '50b713a1-0d17-4953-87ad-4122747b7ada', '{"action":"login","actor_id":"c65f50e3-9d24-474b-9bcc-82ba01f3e08e","actor_username":"david383812+01@gmail.com","actor_via_sso":false,"log_type":"account","traits":{"provider":"email"}}', '2025-06-21 22:15:24.893284+00', ''),
	('00000000-0000-0000-0000-000000000000', '72a39400-c371-4150-bd7f-dd3343572f16', '{"action":"logout","actor_id":"c65f50e3-9d24-474b-9bcc-82ba01f3e08e","actor_username":"david383812+01@gmail.com","actor_via_sso":false,"log_type":"account"}', '2025-06-21 22:16:37.158032+00', ''),
	('00000000-0000-0000-0000-000000000000', 'feb726ef-f221-46d1-960b-89564f55fa3d', '{"action":"login","actor_id":"b6ac0f79-ae81-4e2a-ad23-7b33c36e5c5b","actor_username":"david383812@gmail.com","actor_via_sso":false,"log_type":"account","traits":{"provider":"email"}}', '2025-06-21 22:16:43.791981+00', ''),
	('00000000-0000-0000-0000-000000000000', '7de300c1-4997-4c9a-adfe-d949936d385f', '{"action":"user_confirmation_requested","actor_id":"9898b7c3-5113-481f-afd9-02612765b829","actor_username":"david383812+03@gmail.com","actor_via_sso":false,"log_type":"user","traits":{"provider":"email"}}', '2025-06-21 22:24:18.847185+00', ''),
	('00000000-0000-0000-0000-000000000000', '1c1cce2a-3ef2-4c3f-90fb-2d97e0562498', '{"action":"user_signedup","actor_id":"9898b7c3-5113-481f-afd9-02612765b829","actor_username":"david383812+03@gmail.com","actor_via_sso":false,"log_type":"team"}', '2025-06-21 22:24:32.805451+00', ''),
	('00000000-0000-0000-0000-000000000000', '0cf8a31a-b31a-40ed-abe1-2a66f3d01dd3', '{"action":"login","actor_id":"b6ac0f79-ae81-4e2a-ad23-7b33c36e5c5b","actor_username":"david383812@gmail.com","actor_via_sso":false,"log_type":"account","traits":{"provider":"email"}}', '2025-06-21 22:30:42.138011+00', ''),
	('00000000-0000-0000-0000-000000000000', '4d275507-e6e6-48b8-a329-8aee7f586361', '{"action":"login","actor_id":"b6ac0f79-ae81-4e2a-ad23-7b33c36e5c5b","actor_username":"david383812@gmail.com","actor_via_sso":false,"log_type":"account","traits":{"provider":"email"}}', '2025-06-21 22:40:10.045075+00', ''),
	('00000000-0000-0000-0000-000000000000', 'a29e5afe-df3a-4f70-a77c-ed765a3b53a3', '{"action":"login","actor_id":"9898b7c3-5113-481f-afd9-02612765b829","actor_username":"david383812+03@gmail.com","actor_via_sso":false,"log_type":"account","traits":{"provider":"email"}}', '2025-06-21 22:42:37.008847+00', ''),
	('00000000-0000-0000-0000-000000000000', '0a3ecbae-acbc-4693-8a7c-2f480aaa130a', '{"action":"login","actor_id":"9898b7c3-5113-481f-afd9-02612765b829","actor_username":"david383812+03@gmail.com","actor_via_sso":false,"log_type":"account","traits":{"provider":"email"}}', '2025-06-21 22:49:20.643021+00', ''),
	('00000000-0000-0000-0000-000000000000', '171b3d44-77d9-46f6-a621-797d0c691f5f', '{"action":"login","actor_id":"9898b7c3-5113-481f-afd9-02612765b829","actor_username":"david383812+03@gmail.com","actor_via_sso":false,"log_type":"account","traits":{"provider":"email"}}', '2025-06-21 22:49:53.777794+00', ''),
	('00000000-0000-0000-0000-000000000000', 'e9a19ed6-8995-4e37-b972-a72e78ee876e', '{"action":"login","actor_id":"9898b7c3-5113-481f-afd9-02612765b829","actor_username":"david383812+03@gmail.com","actor_via_sso":false,"log_type":"account","traits":{"provider":"email"}}', '2025-06-21 22:51:12.763928+00', ''),
	('00000000-0000-0000-0000-000000000000', 'edccd307-bc74-4df5-ac1c-cea2d90f4896', '{"action":"login","actor_id":"b6ac0f79-ae81-4e2a-ad23-7b33c36e5c5b","actor_username":"david383812@gmail.com","actor_via_sso":false,"log_type":"account","traits":{"provider":"email"}}', '2025-06-21 22:53:12.232964+00', ''),
	('00000000-0000-0000-0000-000000000000', '1094c585-f3a4-4567-b9c3-3dc93ca3de85', '{"action":"login","actor_id":"9898b7c3-5113-481f-afd9-02612765b829","actor_username":"david383812+03@gmail.com","actor_via_sso":false,"log_type":"account","traits":{"provider":"email"}}', '2025-06-21 22:53:45.960845+00', ''),
	('00000000-0000-0000-0000-000000000000', '1cb5e11e-7982-4a05-b4bf-f915e7289ff2', '{"action":"login","actor_id":"9898b7c3-5113-481f-afd9-02612765b829","actor_username":"david383812+03@gmail.com","actor_via_sso":false,"log_type":"account","traits":{"provider":"email"}}', '2025-06-21 23:15:54.385788+00', ''),
	('00000000-0000-0000-0000-000000000000', '7c580bd7-9316-4d7b-bd1b-411b9ff1945d', '{"action":"login","actor_id":"9898b7c3-5113-481f-afd9-02612765b829","actor_username":"david383812+03@gmail.com","actor_via_sso":false,"log_type":"account","traits":{"provider":"email"}}', '2025-06-21 23:18:35.470354+00', ''),
	('00000000-0000-0000-0000-000000000000', '82ccfda2-3ddd-48ec-b695-e806cd1f0d6d', '{"action":"login","actor_id":"9898b7c3-5113-481f-afd9-02612765b829","actor_username":"david383812+03@gmail.com","actor_via_sso":false,"log_type":"account","traits":{"provider":"email"}}', '2025-06-21 23:19:50.542787+00', ''),
	('00000000-0000-0000-0000-000000000000', '92737170-4e11-4d94-8712-df16f87fa995', '{"action":"logout","actor_id":"9898b7c3-5113-481f-afd9-02612765b829","actor_username":"david383812+03@gmail.com","actor_via_sso":false,"log_type":"account"}', '2025-06-21 23:20:04.436878+00', ''),
	('00000000-0000-0000-0000-000000000000', '93a742b8-d529-41fb-a50a-229febd41308', '{"action":"login","actor_id":"b6ac0f79-ae81-4e2a-ad23-7b33c36e5c5b","actor_username":"david383812@gmail.com","actor_via_sso":false,"log_type":"account","traits":{"provider":"email"}}', '2025-06-21 23:20:08.547689+00', ''),
	('00000000-0000-0000-0000-000000000000', '7ffd60d5-240b-4f7e-855c-4aa58b0f2524', '{"action":"login","actor_id":"b6ac0f79-ae81-4e2a-ad23-7b33c36e5c5b","actor_username":"david383812@gmail.com","actor_via_sso":false,"log_type":"account","traits":{"provider":"email"}}', '2025-06-21 23:21:14.452803+00', ''),
	('00000000-0000-0000-0000-000000000000', '37956092-3996-48dc-965f-32758573e054', '{"action":"login","actor_id":"b6ac0f79-ae81-4e2a-ad23-7b33c36e5c5b","actor_username":"david383812@gmail.com","actor_via_sso":false,"log_type":"account","traits":{"provider":"email"}}', '2025-06-21 23:26:21.92391+00', ''),
	('00000000-0000-0000-0000-000000000000', '85a7d774-9dca-4a7b-b803-b783b3ac212b', '{"action":"login","actor_id":"9898b7c3-5113-481f-afd9-02612765b829","actor_username":"david383812+03@gmail.com","actor_via_sso":false,"log_type":"account","traits":{"provider":"email"}}', '2025-06-21 23:27:25.378452+00', ''),
	('00000000-0000-0000-0000-000000000000', '951f54dc-00c0-45d8-80a9-4886fdc5c114', '{"action":"login","actor_id":"9898b7c3-5113-481f-afd9-02612765b829","actor_username":"david383812+03@gmail.com","actor_via_sso":false,"log_type":"account","traits":{"provider":"email"}}', '2025-06-21 23:28:42.982156+00', ''),
	('00000000-0000-0000-0000-000000000000', '3f067bae-055f-48d9-8bf3-bc576334d75c', '{"action":"login","actor_id":"9898b7c3-5113-481f-afd9-02612765b829","actor_username":"david383812+03@gmail.com","actor_via_sso":false,"log_type":"account","traits":{"provider":"email"}}', '2025-06-21 23:37:44.479875+00', ''),
	('00000000-0000-0000-0000-000000000000', 'e5820d2f-2c63-43a9-8ef3-1831682b2c8f', '{"action":"login","actor_id":"9898b7c3-5113-481f-afd9-02612765b829","actor_username":"david383812+03@gmail.com","actor_via_sso":false,"log_type":"account","traits":{"provider":"email"}}', '2025-06-21 23:49:24.257207+00', ''),
	('00000000-0000-0000-0000-000000000000', 'bf0d9ca0-75d0-4ff0-ab2e-c13c06db61f0', '{"action":"login","actor_id":"b6ac0f79-ae81-4e2a-ad23-7b33c36e5c5b","actor_username":"david383812@gmail.com","actor_via_sso":false,"log_type":"account","traits":{"provider":"email"}}', '2025-06-21 23:59:54.333986+00', ''),
	('00000000-0000-0000-0000-000000000000', '34d92dd6-a46a-49b9-8403-d5675c39c059', '{"action":"login","actor_id":"b6ac0f79-ae81-4e2a-ad23-7b33c36e5c5b","actor_username":"david383812@gmail.com","actor_via_sso":false,"log_type":"account","traits":{"provider":"email"}}', '2025-06-22 03:12:18.224066+00', ''),
	('00000000-0000-0000-0000-000000000000', '9a71fb98-4cd6-4d82-844c-580788c72501', '{"action":"token_refreshed","actor_id":"9898b7c3-5113-481f-afd9-02612765b829","actor_username":"david383812+03@gmail.com","actor_via_sso":false,"log_type":"token"}', '2025-06-22 13:43:00.616517+00', ''),
	('00000000-0000-0000-0000-000000000000', '86af65bc-8cb6-4810-bbeb-f97c2dc7f5ca', '{"action":"token_revoked","actor_id":"9898b7c3-5113-481f-afd9-02612765b829","actor_username":"david383812+03@gmail.com","actor_via_sso":false,"log_type":"token"}', '2025-06-22 13:43:00.622428+00', ''),
	('00000000-0000-0000-0000-000000000000', '8036e986-f1dd-495d-86d7-5b5937dfdf55', '{"action":"token_refreshed","actor_id":"b6ac0f79-ae81-4e2a-ad23-7b33c36e5c5b","actor_username":"david383812@gmail.com","actor_via_sso":false,"log_type":"token"}', '2025-06-22 13:44:38.520075+00', ''),
	('00000000-0000-0000-0000-000000000000', '4f042c41-87b6-45fb-ba75-43d4dfa19450', '{"action":"token_revoked","actor_id":"b6ac0f79-ae81-4e2a-ad23-7b33c36e5c5b","actor_username":"david383812@gmail.com","actor_via_sso":false,"log_type":"token"}', '2025-06-22 13:44:38.522488+00', ''),
	('00000000-0000-0000-0000-000000000000', 'bb8a4dd4-7aec-4e64-8b35-36599165e0bc', '{"action":"user_deleted","actor_id":"00000000-0000-0000-0000-000000000000","actor_username":"service_role","actor_via_sso":false,"log_type":"team","traits":{"user_email":"david383812@gmail.com","user_id":"b6ac0f79-ae81-4e2a-ad23-7b33c36e5c5b","user_phone":""}}', '2025-06-22 13:44:43.791302+00', ''),
	('00000000-0000-0000-0000-000000000000', '4b7b5427-873b-4c9d-a596-b9da8ebfb05a', '{"action":"user_confirmation_requested","actor_id":"f3419c25-b878-4f80-b934-57d40d6c2ff7","actor_username":"david383812@gmail.com","actor_via_sso":false,"log_type":"user","traits":{"provider":"email"}}', '2025-06-22 13:45:13.508876+00', ''),
	('00000000-0000-0000-0000-000000000000', '93960e73-ff03-4bc2-87e5-a567df49f5ea', '{"action":"user_signedup","actor_id":"f3419c25-b878-4f80-b934-57d40d6c2ff7","actor_username":"david383812@gmail.com","actor_via_sso":false,"log_type":"team"}', '2025-06-22 13:45:32.883907+00', ''),
	('00000000-0000-0000-0000-000000000000', 'a0ab2442-8cbb-414c-8546-4071be9c0c03', '{"action":"login","actor_id":"f3419c25-b878-4f80-b934-57d40d6c2ff7","actor_username":"david383812@gmail.com","actor_via_sso":false,"log_type":"account","traits":{"provider":"email"}}', '2025-06-22 13:51:08.307833+00', ''),
	('00000000-0000-0000-0000-000000000000', '73ac6544-4ab8-431c-a508-ca5f2b1e3838', '{"action":"login","actor_id":"f3419c25-b878-4f80-b934-57d40d6c2ff7","actor_username":"david383812@gmail.com","actor_via_sso":false,"log_type":"account","traits":{"provider":"email"}}', '2025-06-22 13:53:07.22677+00', ''),
	('00000000-0000-0000-0000-000000000000', '4e2220b5-b570-4428-a55f-37edf6150c70', '{"action":"user_deleted","actor_id":"00000000-0000-0000-0000-000000000000","actor_username":"service_role","actor_via_sso":false,"log_type":"team","traits":{"user_email":"david383812@gmail.com","user_id":"f3419c25-b878-4f80-b934-57d40d6c2ff7","user_phone":""}}', '2025-06-22 13:55:29.015199+00', ''),
	('00000000-0000-0000-0000-000000000000', '81483a59-9bda-4d5b-abd2-bb5f828c2caf', '{"action":"user_confirmation_requested","actor_id":"b8257050-5500-4521-85d6-96f1dc6e0dd6","actor_username":"david383812@gmail.com","actor_via_sso":false,"log_type":"user","traits":{"provider":"email"}}', '2025-06-22 13:56:07.411764+00', ''),
	('00000000-0000-0000-0000-000000000000', '9ee1e50c-25a5-4c8f-ace5-93039bb8154a', '{"action":"user_signedup","actor_id":"b8257050-5500-4521-85d6-96f1dc6e0dd6","actor_username":"david383812@gmail.com","actor_via_sso":false,"log_type":"team"}', '2025-06-22 13:56:25.447896+00', ''),
	('00000000-0000-0000-0000-000000000000', '727bb2d7-5657-469a-a953-ff304771ed65', '{"action":"login","actor_id":"b8257050-5500-4521-85d6-96f1dc6e0dd6","actor_username":"david383812@gmail.com","actor_via_sso":false,"log_type":"account","traits":{"provider":"email"}}', '2025-06-22 14:13:58.88867+00', ''),
	('00000000-0000-0000-0000-000000000000', '88009cc2-a312-467a-bee8-50cd175b484d', '{"action":"login","actor_id":"b8257050-5500-4521-85d6-96f1dc6e0dd6","actor_username":"david383812@gmail.com","actor_via_sso":false,"log_type":"account","traits":{"provider":"email"}}', '2025-06-22 14:20:53.80612+00', ''),
	('00000000-0000-0000-0000-000000000000', 'eb539f1e-193c-424c-b5b7-081cd3ba7ff5', '{"action":"login","actor_id":"b8257050-5500-4521-85d6-96f1dc6e0dd6","actor_username":"david383812@gmail.com","actor_via_sso":false,"log_type":"account","traits":{"provider":"email"}}', '2025-06-22 14:22:39.756529+00', ''),
	('00000000-0000-0000-0000-000000000000', '922bfdda-337f-4d6f-9079-47f63b8f6c6a', '{"action":"login","actor_id":"b8257050-5500-4521-85d6-96f1dc6e0dd6","actor_username":"david383812@gmail.com","actor_via_sso":false,"log_type":"account","traits":{"provider":"email"}}', '2025-06-22 14:24:01.000188+00', ''),
	('00000000-0000-0000-0000-000000000000', '4e9618ca-676f-4453-af85-ad0eafa88697', '{"action":"login","actor_id":"b8257050-5500-4521-85d6-96f1dc6e0dd6","actor_username":"david383812@gmail.com","actor_via_sso":false,"log_type":"account","traits":{"provider":"email"}}', '2025-06-22 14:28:08.361987+00', ''),
	('00000000-0000-0000-0000-000000000000', 'e391c325-2ef9-49d9-ae25-d9a8b8813190', '{"action":"logout","actor_id":"b8257050-5500-4521-85d6-96f1dc6e0dd6","actor_username":"david383812@gmail.com","actor_via_sso":false,"log_type":"account"}', '2025-06-22 14:28:54.161687+00', ''),
	('00000000-0000-0000-0000-000000000000', '8d1662cb-3985-4128-b592-4f063e0ca9d1', '{"action":"login","actor_id":"b8257050-5500-4521-85d6-96f1dc6e0dd6","actor_username":"david383812@gmail.com","actor_via_sso":false,"log_type":"account","traits":{"provider":"email"}}', '2025-06-22 14:30:43.020721+00', ''),
	('00000000-0000-0000-0000-000000000000', 'f35690f5-07f3-4f43-a046-8ecc606d9f23', '{"action":"login","actor_id":"b8257050-5500-4521-85d6-96f1dc6e0dd6","actor_username":"david383812@gmail.com","actor_via_sso":false,"log_type":"account","traits":{"provider":"email"}}', '2025-06-22 14:31:45.597277+00', ''),
	('00000000-0000-0000-0000-000000000000', '3241b68d-315b-448d-aa4c-fcc909e746c5', '{"action":"login","actor_id":"b8257050-5500-4521-85d6-96f1dc6e0dd6","actor_username":"david383812@gmail.com","actor_via_sso":false,"log_type":"account","traits":{"provider":"email"}}', '2025-06-22 14:33:38.766361+00', ''),
	('00000000-0000-0000-0000-000000000000', 'b7a83dd2-172d-428f-94c2-b1eb39dbdd0a', '{"action":"login","actor_id":"b8257050-5500-4521-85d6-96f1dc6e0dd6","actor_username":"david383812@gmail.com","actor_via_sso":false,"log_type":"account","traits":{"provider":"email"}}', '2025-06-22 14:35:35.087115+00', ''),
	('00000000-0000-0000-0000-000000000000', 'c63e56c4-1a35-4063-81c8-b6bf6e8ee928', '{"action":"login","actor_id":"b8257050-5500-4521-85d6-96f1dc6e0dd6","actor_username":"david383812@gmail.com","actor_via_sso":false,"log_type":"account","traits":{"provider":"email"}}', '2025-06-22 14:37:00.87986+00', ''),
	('00000000-0000-0000-0000-000000000000', 'e95f3775-c9f4-4be8-8ef5-a8d608d6ec2e', '{"action":"login","actor_id":"b8257050-5500-4521-85d6-96f1dc6e0dd6","actor_username":"david383812@gmail.com","actor_via_sso":false,"log_type":"account","traits":{"provider":"email"}}', '2025-06-22 14:45:10.864002+00', ''),
	('00000000-0000-0000-0000-000000000000', '169584b5-8cde-4a1a-b6ed-b3d1bfe11737', '{"action":"login","actor_id":"b8257050-5500-4521-85d6-96f1dc6e0dd6","actor_username":"david383812@gmail.com","actor_via_sso":false,"log_type":"account","traits":{"provider":"email"}}', '2025-06-22 14:53:00.751003+00', ''),
	('00000000-0000-0000-0000-000000000000', 'eabc5233-4993-4de9-86e3-c94302928155', '{"action":"login","actor_id":"b8257050-5500-4521-85d6-96f1dc6e0dd6","actor_username":"david383812@gmail.com","actor_via_sso":false,"log_type":"account","traits":{"provider":"email"}}', '2025-06-22 14:58:07.107677+00', ''),
	('00000000-0000-0000-0000-000000000000', '6fdc0cd9-3e0e-478e-adea-62fdc072f7ab', '{"action":"login","actor_id":"b8257050-5500-4521-85d6-96f1dc6e0dd6","actor_username":"david383812@gmail.com","actor_via_sso":false,"log_type":"account","traits":{"provider":"email"}}', '2025-06-22 15:00:03.721825+00', ''),
	('00000000-0000-0000-0000-000000000000', '1ea4d744-98e0-4c18-97c4-dd0046378a91', '{"action":"login","actor_id":"b8257050-5500-4521-85d6-96f1dc6e0dd6","actor_username":"david383812@gmail.com","actor_via_sso":false,"log_type":"account","traits":{"provider":"email"}}', '2025-06-22 15:03:02.087061+00', ''),
	('00000000-0000-0000-0000-000000000000', '94d2079f-cb90-4458-b6df-0b10b0197268', '{"action":"login","actor_id":"b8257050-5500-4521-85d6-96f1dc6e0dd6","actor_username":"david383812@gmail.com","actor_via_sso":false,"log_type":"account","traits":{"provider":"email"}}', '2025-06-22 15:03:35.484609+00', ''),
	('00000000-0000-0000-0000-000000000000', 'cc9b3aa3-bf98-4e3a-aac9-73f9a30f34bd', '{"action":"login","actor_id":"b8257050-5500-4521-85d6-96f1dc6e0dd6","actor_username":"david383812@gmail.com","actor_via_sso":false,"log_type":"account","traits":{"provider":"email"}}', '2025-06-22 15:05:55.257038+00', ''),
	('00000000-0000-0000-0000-000000000000', 'd7ed5b67-52ad-46d1-a512-9067fff1fa4e', '{"action":"login","actor_id":"b8257050-5500-4521-85d6-96f1dc6e0dd6","actor_username":"david383812@gmail.com","actor_via_sso":false,"log_type":"account","traits":{"provider":"email"}}', '2025-06-22 15:09:34.033927+00', ''),
	('00000000-0000-0000-0000-000000000000', '0665be63-3923-455f-a1b5-e73d3271e7b2', '{"action":"login","actor_id":"b8257050-5500-4521-85d6-96f1dc6e0dd6","actor_username":"david383812@gmail.com","actor_via_sso":false,"log_type":"account","traits":{"provider":"email"}}', '2025-06-22 15:13:01.205835+00', ''),
	('00000000-0000-0000-0000-000000000000', '6ebf31f9-b0b6-4558-9aff-6c822cd1753e', '{"action":"login","actor_id":"b8257050-5500-4521-85d6-96f1dc6e0dd6","actor_username":"david383812@gmail.com","actor_via_sso":false,"log_type":"account","traits":{"provider":"email"}}', '2025-06-22 15:21:26.027456+00', ''),
	('00000000-0000-0000-0000-000000000000', '467b65ff-fbec-4eac-b8eb-407d111ace20', '{"action":"login","actor_id":"b8257050-5500-4521-85d6-96f1dc6e0dd6","actor_username":"david383812@gmail.com","actor_via_sso":false,"log_type":"account","traits":{"provider":"email"}}', '2025-06-22 15:25:34.634142+00', ''),
	('00000000-0000-0000-0000-000000000000', '38ec9228-3f77-4f19-97bb-304ae459df32', '{"action":"logout","actor_id":"b8257050-5500-4521-85d6-96f1dc6e0dd6","actor_username":"david383812@gmail.com","actor_via_sso":false,"log_type":"account"}', '2025-06-22 15:25:50.208029+00', ''),
	('00000000-0000-0000-0000-000000000000', '25b8ecc7-cca4-4396-8dd8-4b6adeee99a7', '{"action":"login","actor_id":"b8257050-5500-4521-85d6-96f1dc6e0dd6","actor_username":"david383812@gmail.com","actor_via_sso":false,"log_type":"account","traits":{"provider":"email"}}', '2025-06-22 15:25:53.240333+00', ''),
	('00000000-0000-0000-0000-000000000000', '6d745b71-664d-4d99-878a-c764d7da967a', '{"action":"login","actor_id":"b8257050-5500-4521-85d6-96f1dc6e0dd6","actor_username":"david383812@gmail.com","actor_via_sso":false,"log_type":"account","traits":{"provider":"email"}}', '2025-06-22 15:27:47.185808+00', ''),
	('00000000-0000-0000-0000-000000000000', '0608910b-3260-4b97-9827-72e6da09cacd', '{"action":"logout","actor_id":"b8257050-5500-4521-85d6-96f1dc6e0dd6","actor_username":"david383812@gmail.com","actor_via_sso":false,"log_type":"account"}', '2025-06-22 15:28:53.317519+00', ''),
	('00000000-0000-0000-0000-000000000000', '141c1d5b-6d7c-43c8-bcea-cedd584a7c5f', '{"action":"login","actor_id":"b8257050-5500-4521-85d6-96f1dc6e0dd6","actor_username":"david383812@gmail.com","actor_via_sso":false,"log_type":"account","traits":{"provider":"email"}}', '2025-06-22 15:28:58.872626+00', ''),
	('00000000-0000-0000-0000-000000000000', '92bf81ba-33f0-41c1-b376-ad41c58a0284', '{"action":"login","actor_id":"b8257050-5500-4521-85d6-96f1dc6e0dd6","actor_username":"david383812@gmail.com","actor_via_sso":false,"log_type":"account","traits":{"provider":"email"}}', '2025-06-22 15:45:08.77223+00', ''),
	('00000000-0000-0000-0000-000000000000', '6b02920f-ccac-4132-a95e-347b6c443898', '{"action":"user_deleted","actor_id":"00000000-0000-0000-0000-000000000000","actor_username":"service_role","actor_via_sso":false,"log_type":"team","traits":{"user_email":"david383812@gmail.com","user_id":"b8257050-5500-4521-85d6-96f1dc6e0dd6","user_phone":""}}', '2025-06-22 15:46:01.663457+00', ''),
	('00000000-0000-0000-0000-000000000000', '76a08d3e-f922-4b2c-96f8-fb7bb5b5b3ed', '{"action":"user_confirmation_requested","actor_id":"ef4f7732-12cf-457b-a903-ce8f247fb798","actor_username":"david383812@gmail.com","actor_via_sso":false,"log_type":"user","traits":{"provider":"email"}}', '2025-06-22 15:46:28.56141+00', ''),
	('00000000-0000-0000-0000-000000000000', 'd12461c0-dcdd-4fcb-9cba-8a60bdcc8a15', '{"action":"user_signedup","actor_id":"ef4f7732-12cf-457b-a903-ce8f247fb798","actor_username":"david383812@gmail.com","actor_via_sso":false,"log_type":"team"}', '2025-06-22 15:46:57.848551+00', ''),
	('00000000-0000-0000-0000-000000000000', '5fead470-b5a2-4f87-9af2-90cfff32b7c1', '{"action":"login","actor_id":"ef4f7732-12cf-457b-a903-ce8f247fb798","actor_username":"david383812@gmail.com","actor_via_sso":false,"log_type":"account","traits":{"provider":"email"}}', '2025-06-22 15:47:59.591604+00', ''),
	('00000000-0000-0000-0000-000000000000', 'fb868a19-08ef-4bec-8a6e-f6fcf7366f1b', '{"action":"login","actor_id":"ef4f7732-12cf-457b-a903-ce8f247fb798","actor_username":"david383812@gmail.com","actor_via_sso":false,"log_type":"account","traits":{"provider":"email"}}', '2025-06-22 16:00:37.440186+00', ''),
	('00000000-0000-0000-0000-000000000000', 'bd483af3-0f98-492a-bdcf-4f4ec63a3c44', '{"action":"login","actor_id":"ef4f7732-12cf-457b-a903-ce8f247fb798","actor_username":"david383812@gmail.com","actor_via_sso":false,"log_type":"account","traits":{"provider":"email"}}', '2025-06-22 16:12:15.422349+00', ''),
	('00000000-0000-0000-0000-000000000000', '464a139a-2b74-4017-8700-61b3d7e18db0', '{"action":"login","actor_id":"ef4f7732-12cf-457b-a903-ce8f247fb798","actor_username":"david383812@gmail.com","actor_via_sso":false,"log_type":"account","traits":{"provider":"email"}}', '2025-06-22 16:15:52.350741+00', ''),
	('00000000-0000-0000-0000-000000000000', '2c893110-0343-4c69-b305-dd96438630e1', '{"action":"login","actor_id":"ef4f7732-12cf-457b-a903-ce8f247fb798","actor_username":"david383812@gmail.com","actor_via_sso":false,"log_type":"account","traits":{"provider":"email"}}', '2025-06-22 16:18:25.827265+00', ''),
	('00000000-0000-0000-0000-000000000000', 'c6a41dd8-f1df-490f-9c71-ea22f149d722', '{"action":"login","actor_id":"ef4f7732-12cf-457b-a903-ce8f247fb798","actor_username":"david383812@gmail.com","actor_via_sso":false,"log_type":"account","traits":{"provider":"email"}}', '2025-06-22 16:20:50.963262+00', ''),
	('00000000-0000-0000-0000-000000000000', '34d132f0-f763-4f44-8662-7ecaa54b37bb', '{"action":"logout","actor_id":"ef4f7732-12cf-457b-a903-ce8f247fb798","actor_username":"david383812@gmail.com","actor_via_sso":false,"log_type":"account"}', '2025-06-22 16:22:47.396737+00', ''),
	('00000000-0000-0000-0000-000000000000', '389cdd48-a746-4c5a-9995-3530dd99a229', '{"action":"login","actor_id":"ef4f7732-12cf-457b-a903-ce8f247fb798","actor_username":"david383812@gmail.com","actor_via_sso":false,"log_type":"account","traits":{"provider":"email"}}', '2025-06-22 16:23:18.471952+00', ''),
	('00000000-0000-0000-0000-000000000000', '1701271a-ee74-47ed-88a9-890d9f91f486', '{"action":"login","actor_id":"ef4f7732-12cf-457b-a903-ce8f247fb798","actor_username":"david383812@gmail.com","actor_via_sso":false,"log_type":"account","traits":{"provider":"email"}}', '2025-06-22 16:29:02.898189+00', ''),
	('00000000-0000-0000-0000-000000000000', '387b6289-e0c5-422d-9c44-818a0b0d5c8e', '{"action":"login","actor_id":"ef4f7732-12cf-457b-a903-ce8f247fb798","actor_username":"david383812@gmail.com","actor_via_sso":false,"log_type":"account","traits":{"provider":"email"}}', '2025-06-22 16:29:57.888071+00', ''),
	('00000000-0000-0000-0000-000000000000', '872fefbf-bc03-4647-9bd9-49bfd5b5fb76', '{"action":"login","actor_id":"ef4f7732-12cf-457b-a903-ce8f247fb798","actor_username":"david383812@gmail.com","actor_via_sso":false,"log_type":"account","traits":{"provider":"email"}}', '2025-06-22 16:31:30.69371+00', ''),
	('00000000-0000-0000-0000-000000000000', '83c04073-918c-47cb-ad68-82e4003f7cc6', '{"action":"login","actor_id":"ef4f7732-12cf-457b-a903-ce8f247fb798","actor_username":"david383812@gmail.com","actor_via_sso":false,"log_type":"account","traits":{"provider":"email"}}', '2025-06-22 16:32:31.363817+00', ''),
	('00000000-0000-0000-0000-000000000000', '3ce791a8-88d2-4e8d-afa0-5a2338b516a1', '{"action":"logout","actor_id":"ef4f7732-12cf-457b-a903-ce8f247fb798","actor_username":"david383812@gmail.com","actor_via_sso":false,"log_type":"account"}', '2025-06-22 16:32:40.518849+00', ''),
	('00000000-0000-0000-0000-000000000000', 'a7966fca-0fdf-4673-8dd3-081604be7f6a', '{"action":"login","actor_id":"ef4f7732-12cf-457b-a903-ce8f247fb798","actor_username":"david383812@gmail.com","actor_via_sso":false,"log_type":"account","traits":{"provider":"email"}}', '2025-06-22 16:33:18.799091+00', ''),
	('00000000-0000-0000-0000-000000000000', '8d3629c2-e210-4e78-9263-5c442f2b842d', '{"action":"login","actor_id":"ef4f7732-12cf-457b-a903-ce8f247fb798","actor_username":"david383812@gmail.com","actor_via_sso":false,"log_type":"account","traits":{"provider":"email"}}', '2025-06-22 16:34:22.756258+00', ''),
	('00000000-0000-0000-0000-000000000000', '2c4bd9af-fe69-4d91-8aef-fecfcba7adbc', '{"action":"login","actor_id":"ef4f7732-12cf-457b-a903-ce8f247fb798","actor_username":"david383812@gmail.com","actor_via_sso":false,"log_type":"account","traits":{"provider":"email"}}', '2025-06-22 16:35:33.558546+00', ''),
	('00000000-0000-0000-0000-000000000000', '7dde70b4-8945-40dc-a87c-70d0ad395e74', '{"action":"login","actor_id":"ef4f7732-12cf-457b-a903-ce8f247fb798","actor_username":"david383812@gmail.com","actor_via_sso":false,"log_type":"account","traits":{"provider":"email"}}', '2025-06-22 16:37:35.916395+00', ''),
	('00000000-0000-0000-0000-000000000000', 'acdcb816-fbbf-4c7e-9ec1-9f53fa5457ba', '{"action":"login","actor_id":"ef4f7732-12cf-457b-a903-ce8f247fb798","actor_username":"david383812@gmail.com","actor_via_sso":false,"log_type":"account","traits":{"provider":"email"}}', '2025-06-22 16:41:33.132567+00', ''),
	('00000000-0000-0000-0000-000000000000', '1405bdd9-a35d-41d2-b3c0-d7c0d57ea8e6', '{"action":"login","actor_id":"ef4f7732-12cf-457b-a903-ce8f247fb798","actor_username":"david383812@gmail.com","actor_via_sso":false,"log_type":"account","traits":{"provider":"email"}}', '2025-06-22 16:52:17.898864+00', ''),
	('00000000-0000-0000-0000-000000000000', 'c2bf04a9-2f79-48f2-b482-5e395486b56b', '{"action":"login","actor_id":"ef4f7732-12cf-457b-a903-ce8f247fb798","actor_username":"david383812@gmail.com","actor_via_sso":false,"log_type":"account","traits":{"provider":"email"}}', '2025-06-22 16:55:14.347896+00', ''),
	('00000000-0000-0000-0000-000000000000', '3e3ea00d-a2ea-4680-b3a2-0e005fca8101', '{"action":"token_refreshed","actor_id":"ef4f7732-12cf-457b-a903-ce8f247fb798","actor_username":"david383812@gmail.com","actor_via_sso":false,"log_type":"token"}', '2025-06-22 19:37:28.924967+00', ''),
	('00000000-0000-0000-0000-000000000000', 'c52f3d68-da9c-46a9-8bef-691d3e065b0b', '{"action":"token_revoked","actor_id":"ef4f7732-12cf-457b-a903-ce8f247fb798","actor_username":"david383812@gmail.com","actor_via_sso":false,"log_type":"token"}', '2025-06-22 19:37:28.932024+00', ''),
	('00000000-0000-0000-0000-000000000000', '77586548-14c4-4ac8-9b5d-2498ea0649e7', '{"action":"login","actor_id":"ef4f7732-12cf-457b-a903-ce8f247fb798","actor_username":"david383812@gmail.com","actor_via_sso":false,"log_type":"account","traits":{"provider":"email"}}', '2025-06-22 19:38:08.155951+00', ''),
	('00000000-0000-0000-0000-000000000000', '553d599b-1c7d-4ea9-9ec6-ee3e2c0624a2', '{"action":"token_refreshed","actor_id":"8f43f8b1-011b-4c5d-a16e-21495eb9de5c","actor_username":"daironlawyer77@gmail.com","actor_via_sso":false,"log_type":"token"}', '2025-06-22 23:18:23.479407+00', ''),
	('00000000-0000-0000-0000-000000000000', '0d33491c-de96-423a-a1b0-54b75211d90b', '{"action":"token_revoked","actor_id":"8f43f8b1-011b-4c5d-a16e-21495eb9de5c","actor_username":"daironlawyer77@gmail.com","actor_via_sso":false,"log_type":"token"}', '2025-06-22 23:18:23.482167+00', ''),
	('00000000-0000-0000-0000-000000000000', 'e75c9fe1-90fa-46ad-b302-23c9fda36b37', '{"action":"token_refreshed","actor_id":"beb05de5-b887-43a7-a72f-f9971fa20351","actor_username":"danielaverdecia24@gmail.com","actor_via_sso":false,"log_type":"token"}', '2025-06-23 00:35:33.220456+00', ''),
	('00000000-0000-0000-0000-000000000000', '3be9f97a-6467-41b7-8da8-705d0d7aa587', '{"action":"token_revoked","actor_id":"beb05de5-b887-43a7-a72f-f9971fa20351","actor_username":"danielaverdecia24@gmail.com","actor_via_sso":false,"log_type":"token"}', '2025-06-23 00:35:33.223521+00', ''),
	('00000000-0000-0000-0000-000000000000', 'f8f05d66-ae67-4c83-8400-02da7b052bf5', '{"action":"login","actor_id":"8f43f8b1-011b-4c5d-a16e-21495eb9de5c","actor_username":"daironlawyer77@gmail.com","actor_via_sso":false,"log_type":"account","traits":{"provider":"email"}}', '2025-06-23 05:32:53.957245+00', ''),
	('00000000-0000-0000-0000-000000000000', '8bc6d3de-d5f2-490c-837f-af9a75bff577', '{"action":"token_refreshed","actor_id":"8f43f8b1-011b-4c5d-a16e-21495eb9de5c","actor_username":"daironlawyer77@gmail.com","actor_via_sso":false,"log_type":"token"}', '2025-06-23 07:40:53.238782+00', ''),
	('00000000-0000-0000-0000-000000000000', '649ad316-160f-4c5e-ae3d-30c9e71c272c', '{"action":"token_revoked","actor_id":"8f43f8b1-011b-4c5d-a16e-21495eb9de5c","actor_username":"daironlawyer77@gmail.com","actor_via_sso":false,"log_type":"token"}', '2025-06-23 07:40:53.243407+00', ''),
	('00000000-0000-0000-0000-000000000000', '62195c9f-e7a2-420c-b539-fd2836ff67e8', '{"action":"token_refreshed","actor_id":"ef4f7732-12cf-457b-a903-ce8f247fb798","actor_username":"david383812@gmail.com","actor_via_sso":false,"log_type":"token"}', '2025-06-23 13:17:49.898486+00', ''),
	('00000000-0000-0000-0000-000000000000', '846b194e-9539-47c4-b74b-7219e28ba8d6', '{"action":"token_revoked","actor_id":"ef4f7732-12cf-457b-a903-ce8f247fb798","actor_username":"david383812@gmail.com","actor_via_sso":false,"log_type":"token"}', '2025-06-23 13:17:49.900862+00', ''),
	('00000000-0000-0000-0000-000000000000', '3780d8d7-72e2-40cb-bedf-36fcf9ee0aa1', '{"action":"logout","actor_id":"ef4f7732-12cf-457b-a903-ce8f247fb798","actor_username":"david383812@gmail.com","actor_via_sso":false,"log_type":"account"}', '2025-06-23 13:18:31.270488+00', ''),
	('00000000-0000-0000-0000-000000000000', '8921c09c-10b8-4915-acbd-8855113f00d0', '{"action":"user_recovery_requested","actor_id":"ef4f7732-12cf-457b-a903-ce8f247fb798","actor_username":"david383812@gmail.com","actor_via_sso":false,"log_type":"user"}', '2025-06-23 13:21:15.767498+00', ''),
	('00000000-0000-0000-0000-000000000000', 'ecb9068c-c4c8-4a33-b300-2516a5436406', '{"action":"login","actor_id":"ef4f7732-12cf-457b-a903-ce8f247fb798","actor_username":"david383812@gmail.com","actor_via_sso":false,"log_type":"account","traits":{"provider":"email"}}', '2025-06-23 13:22:11.882933+00', ''),
	('00000000-0000-0000-0000-000000000000', 'f4b66d2f-b8ea-4e52-9ddf-33f744c0addf', '{"action":"logout","actor_id":"ef4f7732-12cf-457b-a903-ce8f247fb798","actor_username":"david383812@gmail.com","actor_via_sso":false,"log_type":"account"}', '2025-06-23 13:24:57.691174+00', ''),
	('00000000-0000-0000-0000-000000000000', 'a85ccdc4-69e9-4f01-b62d-116a12abb0e1', '{"action":"token_refreshed","actor_id":"beb05de5-b887-43a7-a72f-f9971fa20351","actor_username":"danielaverdecia24@gmail.com","actor_via_sso":false,"log_type":"token"}', '2025-06-23 19:11:05.756329+00', ''),
	('00000000-0000-0000-0000-000000000000', '6fc505e4-21e4-40a4-b584-63641f55ccde', '{"action":"token_revoked","actor_id":"beb05de5-b887-43a7-a72f-f9971fa20351","actor_username":"danielaverdecia24@gmail.com","actor_via_sso":false,"log_type":"token"}', '2025-06-23 19:11:05.765846+00', ''),
	('00000000-0000-0000-0000-000000000000', '5d4587b9-00d8-455c-a27d-87579c287231', '{"action":"token_refreshed","actor_id":"8f43f8b1-011b-4c5d-a16e-21495eb9de5c","actor_username":"daironlawyer77@gmail.com","actor_via_sso":false,"log_type":"token"}', '2025-06-23 19:14:29.475244+00', ''),
	('00000000-0000-0000-0000-000000000000', '4ca0b7d1-0987-49d3-ba59-825acca547a3', '{"action":"token_revoked","actor_id":"8f43f8b1-011b-4c5d-a16e-21495eb9de5c","actor_username":"daironlawyer77@gmail.com","actor_via_sso":false,"log_type":"token"}', '2025-06-23 19:14:29.476204+00', ''),
	('00000000-0000-0000-0000-000000000000', 'd9b5053c-0d51-4b65-a050-4874e2df331d', '{"action":"token_refreshed","actor_id":"8f43f8b1-011b-4c5d-a16e-21495eb9de5c","actor_username":"daironlawyer77@gmail.com","actor_via_sso":false,"log_type":"token"}', '2025-06-24 05:57:57.229199+00', ''),
	('00000000-0000-0000-0000-000000000000', '386fef55-d3e2-476e-aa8d-5d2551945eda', '{"action":"token_revoked","actor_id":"8f43f8b1-011b-4c5d-a16e-21495eb9de5c","actor_username":"daironlawyer77@gmail.com","actor_via_sso":false,"log_type":"token"}', '2025-06-24 05:57:57.233959+00', ''),
	('00000000-0000-0000-0000-000000000000', 'ede90f56-f079-4357-9aa2-448cd4b2b82a', '{"action":"token_refreshed","actor_id":"8f43f8b1-011b-4c5d-a16e-21495eb9de5c","actor_username":"daironlawyer77@gmail.com","actor_via_sso":false,"log_type":"token"}', '2025-06-24 10:04:15.65772+00', ''),
	('00000000-0000-0000-0000-000000000000', '7282d242-0e4d-4ac7-8d0a-8137c46ccb87', '{"action":"token_revoked","actor_id":"8f43f8b1-011b-4c5d-a16e-21495eb9de5c","actor_username":"daironlawyer77@gmail.com","actor_via_sso":false,"log_type":"token"}', '2025-06-24 10:04:15.662547+00', ''),
	('00000000-0000-0000-0000-000000000000', '9f9bd261-58a2-4ec2-9d6c-3ef3c5e70f9c', '{"action":"token_refreshed","actor_id":"beb05de5-b887-43a7-a72f-f9971fa20351","actor_username":"danielaverdecia24@gmail.com","actor_via_sso":false,"log_type":"token"}', '2025-06-24 22:27:31.239616+00', ''),
	('00000000-0000-0000-0000-000000000000', '42916234-5e0d-4e5c-ac80-bf1374b54989', '{"action":"token_revoked","actor_id":"beb05de5-b887-43a7-a72f-f9971fa20351","actor_username":"danielaverdecia24@gmail.com","actor_via_sso":false,"log_type":"token"}', '2025-06-24 22:27:31.257341+00', ''),
	('00000000-0000-0000-0000-000000000000', '904d127b-1404-494c-b36f-53e00f9b6425', '{"action":"token_refreshed","actor_id":"8f43f8b1-011b-4c5d-a16e-21495eb9de5c","actor_username":"daironlawyer77@gmail.com","actor_via_sso":false,"log_type":"token"}', '2025-06-25 04:57:11.194266+00', ''),
	('00000000-0000-0000-0000-000000000000', '27020251-8cda-4876-bce0-d90f714edc6c', '{"action":"token_revoked","actor_id":"8f43f8b1-011b-4c5d-a16e-21495eb9de5c","actor_username":"daironlawyer77@gmail.com","actor_via_sso":false,"log_type":"token"}', '2025-06-25 04:57:11.198204+00', ''),
	('00000000-0000-0000-0000-000000000000', 'b9258d9f-88ae-4329-a6d4-191740a4d06c', '{"action":"token_refreshed","actor_id":"8f43f8b1-011b-4c5d-a16e-21495eb9de5c","actor_username":"daironlawyer77@gmail.com","actor_via_sso":false,"log_type":"token"}', '2025-06-25 10:08:50.03082+00', ''),
	('00000000-0000-0000-0000-000000000000', '495d9f97-3bdd-434b-abc9-da847d64b6cd', '{"action":"token_revoked","actor_id":"8f43f8b1-011b-4c5d-a16e-21495eb9de5c","actor_username":"daironlawyer77@gmail.com","actor_via_sso":false,"log_type":"token"}', '2025-06-25 10:08:50.041144+00', ''),
	('00000000-0000-0000-0000-000000000000', 'b60e07e6-c0ad-49e2-8e57-159762270b02', '{"action":"token_refreshed","actor_id":"8f43f8b1-011b-4c5d-a16e-21495eb9de5c","actor_username":"daironlawyer77@gmail.com","actor_via_sso":false,"log_type":"token"}', '2025-06-25 18:58:06.356061+00', ''),
	('00000000-0000-0000-0000-000000000000', '45e024b3-a708-4406-80a0-e1fdadc1f4d9', '{"action":"token_revoked","actor_id":"8f43f8b1-011b-4c5d-a16e-21495eb9de5c","actor_username":"daironlawyer77@gmail.com","actor_via_sso":false,"log_type":"token"}', '2025-06-25 18:58:06.368056+00', ''),
	('00000000-0000-0000-0000-000000000000', 'f8c30e3a-2e1c-4aa9-9c65-4a514f674364', '{"action":"token_refreshed","actor_id":"beb05de5-b887-43a7-a72f-f9971fa20351","actor_username":"danielaverdecia24@gmail.com","actor_via_sso":false,"log_type":"token"}', '2025-06-25 21:01:03.617352+00', ''),
	('00000000-0000-0000-0000-000000000000', 'ab1ca63c-7ee6-4785-92c0-3e678034f882', '{"action":"token_revoked","actor_id":"beb05de5-b887-43a7-a72f-f9971fa20351","actor_username":"danielaverdecia24@gmail.com","actor_via_sso":false,"log_type":"token"}', '2025-06-25 21:01:03.62173+00', ''),
	('00000000-0000-0000-0000-000000000000', '42bd0416-6035-4d5d-a367-8830e83f8d5c', '{"action":"token_refreshed","actor_id":"beb05de5-b887-43a7-a72f-f9971fa20351","actor_username":"danielaverdecia24@gmail.com","actor_via_sso":false,"log_type":"token"}', '2025-06-28 01:46:58.759932+00', ''),
	('00000000-0000-0000-0000-000000000000', '86755b9f-d7aa-4719-9dbd-a35239fd1b9d', '{"action":"token_revoked","actor_id":"beb05de5-b887-43a7-a72f-f9971fa20351","actor_username":"danielaverdecia24@gmail.com","actor_via_sso":false,"log_type":"token"}', '2025-06-28 01:46:58.775001+00', ''),
	('00000000-0000-0000-0000-000000000000', '955804f3-208d-40b3-a7c8-e20e6d776a66', '{"action":"login","actor_id":"ef4f7732-12cf-457b-a903-ce8f247fb798","actor_username":"david383812@gmail.com","actor_via_sso":false,"log_type":"account","traits":{"provider":"email"}}', '2025-06-28 14:04:48.578372+00', ''),
	('00000000-0000-0000-0000-000000000000', '14cacb57-b1fe-4963-8be7-010b07b5a4e4', '{"action":"login","actor_id":"ef4f7732-12cf-457b-a903-ce8f247fb798","actor_username":"david383812@gmail.com","actor_via_sso":false,"log_type":"account","traits":{"provider":"email"}}', '2025-06-28 14:07:44.546676+00', ''),
	('00000000-0000-0000-0000-000000000000', '80d1ca28-48ac-4ff7-983e-bb8c997de343', '{"action":"login","actor_id":"ef4f7732-12cf-457b-a903-ce8f247fb798","actor_username":"david383812@gmail.com","actor_via_sso":false,"log_type":"account","traits":{"provider":"email"}}', '2025-06-28 14:09:31.778293+00', ''),
	('00000000-0000-0000-0000-000000000000', '358e032e-14f3-4ec9-9960-a60c43c7b4f7', '{"action":"login","actor_id":"ef4f7732-12cf-457b-a903-ce8f247fb798","actor_username":"david383812@gmail.com","actor_via_sso":false,"log_type":"account","traits":{"provider":"email"}}', '2025-06-28 14:11:13.73046+00', ''),
	('00000000-0000-0000-0000-000000000000', '1fa843d5-7173-4922-af4e-9c916fe6823f', '{"action":"logout","actor_id":"ef4f7732-12cf-457b-a903-ce8f247fb798","actor_username":"david383812@gmail.com","actor_via_sso":false,"log_type":"account"}', '2025-06-28 14:11:45.688134+00', ''),
	('00000000-0000-0000-0000-000000000000', '349e8b8e-906c-4430-9d95-c2bef1c80197', '{"action":"login","actor_id":"ef4f7732-12cf-457b-a903-ce8f247fb798","actor_username":"david383812@gmail.com","actor_via_sso":false,"log_type":"account","traits":{"provider":"email"}}', '2025-06-28 14:49:27.582948+00', ''),
	('00000000-0000-0000-0000-000000000000', '6e30a268-5492-4e52-a770-a5a26a094e77', '{"action":"login","actor_id":"ef4f7732-12cf-457b-a903-ce8f247fb798","actor_username":"david383812@gmail.com","actor_via_sso":false,"log_type":"account","traits":{"provider":"email"}}', '2025-06-28 14:53:07.338146+00', ''),
	('00000000-0000-0000-0000-000000000000', 'a4f65090-219a-4995-8445-ecaabf00b563', '{"action":"login","actor_id":"ef4f7732-12cf-457b-a903-ce8f247fb798","actor_username":"david383812@gmail.com","actor_via_sso":false,"log_type":"account","traits":{"provider":"email"}}', '2025-06-28 18:03:27.99976+00', ''),
	('00000000-0000-0000-0000-000000000000', '7a3e6e55-7269-467e-aa1a-fbcc06008f1d', '{"action":"token_refreshed","actor_id":"ef4f7732-12cf-457b-a903-ce8f247fb798","actor_username":"david383812@gmail.com","actor_via_sso":false,"log_type":"token"}', '2025-06-28 19:01:54.920513+00', ''),
	('00000000-0000-0000-0000-000000000000', 'b47065ff-17da-436c-86de-57c41557be8c', '{"action":"token_revoked","actor_id":"ef4f7732-12cf-457b-a903-ce8f247fb798","actor_username":"david383812@gmail.com","actor_via_sso":false,"log_type":"token"}', '2025-06-28 19:01:54.929102+00', ''),
	('00000000-0000-0000-0000-000000000000', '1d1af048-d778-4b11-bdff-3ad43edda01b', '{"action":"login","actor_id":"ef4f7732-12cf-457b-a903-ce8f247fb798","actor_username":"david383812@gmail.com","actor_via_sso":false,"log_type":"account","traits":{"provider":"email"}}', '2025-06-29 13:10:41.86536+00', ''),
	('00000000-0000-0000-0000-000000000000', 'dfa93787-3700-4dbf-b371-b39398bda2d9', '{"action":"login","actor_id":"ef4f7732-12cf-457b-a903-ce8f247fb798","actor_username":"david383812@gmail.com","actor_via_sso":false,"log_type":"account","traits":{"provider":"email"}}', '2025-06-29 13:12:09.246885+00', ''),
	('00000000-0000-0000-0000-000000000000', 'bae66372-05a8-4133-9fea-3c42747be29b', '{"action":"logout","actor_id":"ef4f7732-12cf-457b-a903-ce8f247fb798","actor_username":"david383812@gmail.com","actor_via_sso":false,"log_type":"account"}', '2025-06-29 13:30:11.725161+00', ''),
	('00000000-0000-0000-0000-000000000000', '4fea1607-fab2-4ef1-837f-1a5ddd36e0b6', '{"action":"login","actor_id":"ef4f7732-12cf-457b-a903-ce8f247fb798","actor_username":"david383812@gmail.com","actor_via_sso":false,"log_type":"account","traits":{"provider":"email"}}', '2025-06-29 13:30:15.604167+00', ''),
	('00000000-0000-0000-0000-000000000000', '2f8d7238-dac6-41bd-9e33-004b27010183', '{"action":"login","actor_id":"ef4f7732-12cf-457b-a903-ce8f247fb798","actor_username":"david383812@gmail.com","actor_via_sso":false,"log_type":"account","traits":{"provider":"email"}}', '2025-06-29 13:34:12.322164+00', ''),
	('00000000-0000-0000-0000-000000000000', '12f371bf-400d-4a27-8c63-c351f2925604', '{"action":"login","actor_id":"ef4f7732-12cf-457b-a903-ce8f247fb798","actor_username":"david383812@gmail.com","actor_via_sso":false,"log_type":"account","traits":{"provider":"email"}}', '2025-06-29 13:40:11.671532+00', ''),
	('00000000-0000-0000-0000-000000000000', '67331049-c03e-475b-ab5c-122b3a2407ce', '{"action":"logout","actor_id":"ef4f7732-12cf-457b-a903-ce8f247fb798","actor_username":"david383812@gmail.com","actor_via_sso":false,"log_type":"account"}', '2025-06-29 13:41:00.319977+00', ''),
	('00000000-0000-0000-0000-000000000000', 'fffab8fc-6bad-4d67-bb69-d93cc366355e', '{"action":"login","actor_id":"ef4f7732-12cf-457b-a903-ce8f247fb798","actor_username":"david383812@gmail.com","actor_via_sso":false,"log_type":"account","traits":{"provider":"email"}}', '2025-06-29 13:41:01.938321+00', ''),
	('00000000-0000-0000-0000-000000000000', 'a78851de-770a-438e-9129-58a031a8f4e7', '{"action":"login","actor_id":"ef4f7732-12cf-457b-a903-ce8f247fb798","actor_username":"david383812@gmail.com","actor_via_sso":false,"log_type":"account","traits":{"provider":"email"}}', '2025-06-29 13:54:16.621724+00', ''),
	('00000000-0000-0000-0000-000000000000', '236424fa-9428-4d5a-a5df-efb126dd5635', '{"action":"login","actor_id":"ef4f7732-12cf-457b-a903-ce8f247fb798","actor_username":"david383812@gmail.com","actor_via_sso":false,"log_type":"account","traits":{"provider":"email"}}', '2025-06-29 14:35:23.635757+00', ''),
	('00000000-0000-0000-0000-000000000000', '00a2a7a0-4e7a-45e1-9c30-84618bbecaa0', '{"action":"logout","actor_id":"ef4f7732-12cf-457b-a903-ce8f247fb798","actor_username":"david383812@gmail.com","actor_via_sso":false,"log_type":"account"}', '2025-06-29 14:36:43.04115+00', ''),
	('00000000-0000-0000-0000-000000000000', 'df132c2a-58ad-448f-bada-6233a013897f', '{"action":"login","actor_id":"ef4f7732-12cf-457b-a903-ce8f247fb798","actor_username":"david383812@gmail.com","actor_via_sso":false,"log_type":"account","traits":{"provider":"email"}}', '2025-06-29 14:38:40.971483+00', '');


--
-- Data for Name: flow_state; Type: TABLE DATA; Schema: auth; Owner: supabase_auth_admin
--



--
-- Data for Name: users; Type: TABLE DATA; Schema: auth; Owner: supabase_auth_admin
--

INSERT INTO "auth"."users" ("instance_id", "id", "aud", "role", "email", "encrypted_password", "email_confirmed_at", "invited_at", "confirmation_token", "confirmation_sent_at", "recovery_token", "recovery_sent_at", "email_change_token_new", "email_change", "email_change_sent_at", "last_sign_in_at", "raw_app_meta_data", "raw_user_meta_data", "is_super_admin", "created_at", "updated_at", "phone", "phone_confirmed_at", "phone_change", "phone_change_token", "phone_change_sent_at", "email_change_token_current", "email_change_confirm_status", "banned_until", "reauthentication_token", "reauthentication_sent_at", "is_sso_user", "deleted_at", "is_anonymous") VALUES
	('00000000-0000-0000-0000-000000000000', '9898b7c3-5113-481f-afd9-02612765b829', 'authenticated', 'authenticated', 'david383812+03@gmail.com', '$2a$10$X3xrxCWNoTQep4G3jgdXN.tDu5utJM.U7o7tQ1Jak6Y6Ah/qOuf82', '2025-06-21 22:24:32.807499+00', NULL, '', '2025-06-21 22:24:18.850805+00', '', NULL, '', '', NULL, '2025-06-21 23:49:24.260716+00', '{"provider": "email", "providers": ["email"]}', '{"sub": "9898b7c3-5113-481f-afd9-02612765b829", "email": "david383812+03@gmail.com", "phone": "+5358864240", "last_name": "Carmenate", "first_name": "Jose", "account_type": "client", "email_verified": true, "phone_verified": false}', NULL, '2025-06-21 22:24:18.823078+00', '2025-06-22 13:43:00.630424+00', NULL, NULL, '', '', NULL, '', 0, NULL, '', NULL, false, NULL, false),
	('00000000-0000-0000-0000-000000000000', 'ef4f7732-12cf-457b-a903-ce8f247fb798', 'authenticated', 'authenticated', 'david383812@gmail.com', '$2a$10$5dFtjF/QVsA6k/Zi.S6Sc.PsHPKEwPpxVhupE.7Mlj2Yt4yuQdAo.', '2025-06-22 15:46:57.849269+00', NULL, '', '2025-06-22 15:46:28.563247+00', '656847be4ec2b5319d2954f8b0c6a4f92e19766d6fbf96f31b8a199c', '2025-06-23 13:21:15.769969+00', '', '', NULL, '2025-06-29 14:38:40.973286+00', '{"provider": "email", "providers": ["email"]}', '{"sub": "ef4f7732-12cf-457b-a903-ce8f247fb798", "email": "david383812@gmail.com", "phone": "058864240", "last_name": "Castellanos Zayas", "first_name": "david", "account_type": "client", "email_verified": true, "phone_verified": false}', NULL, '2025-06-22 15:46:28.541911+00', '2025-06-29 14:38:40.978921+00', NULL, NULL, '', '', NULL, '', 0, NULL, '', NULL, false, NULL, false),
	('00000000-0000-0000-0000-000000000000', 'ff1c0a42-32b7-4179-80c9-a3010d5f2631', 'authenticated', 'authenticated', 'david383812+05@gmail.com', '$2a$10$gyaINTozVHjxap3ZRohiKeZCWKJvCN0SJJDN6D/RDArgwqFuzPwV.', '2025-06-19 23:02:01.942147+00', NULL, '', '2025-06-19 23:01:54.115904+00', '', NULL, '', '', NULL, '2025-06-19 23:02:01.945373+00', '{"provider": "email", "providers": ["email"]}', '{"sub": "ff1c0a42-32b7-4179-80c9-a3010d5f2631", "email": "david383812+05@gmail.com", "phone": "+5358864240", "last_name": "Ferrer", "first_name": "Dany", "account_type": "advisor", "email_verified": true, "phone_verified": false}', NULL, '2025-06-19 23:01:54.10722+00', '2025-06-19 23:02:01.947115+00', NULL, NULL, '', '', NULL, '', 0, NULL, '', NULL, false, NULL, false),
	('00000000-0000-0000-0000-000000000000', '6ef67b7d-4e26-42a1-bc52-015d611332b9', 'authenticated', 'authenticated', 'david383812+02@gmail.com', '$2a$10$rXq.57dBGYBX4NsLJbXTcOkat4rsyTVFlwHNLjpaVAjOKRnul6fJa', '2025-06-19 22:53:07.1415+00', NULL, '', '2025-06-19 22:52:33.489857+00', '', NULL, '', '', NULL, '2025-06-20 17:47:54.101047+00', '{"provider": "email", "providers": ["email"]}', '{"sub": "6ef67b7d-4e26-42a1-bc52-015d611332b9", "email": "david383812+02@gmail.com", "phone": "54100000", "last_name": "Daniel ", "first_name": "Marcos", "account_type": "advisor", "email_verified": true, "phone_verified": false}', NULL, '2025-06-19 22:52:33.481609+00', '2025-06-21 12:58:17.902493+00', NULL, NULL, '', '', NULL, '', 0, NULL, '', NULL, false, NULL, false),
	('00000000-0000-0000-0000-000000000000', 'c65f50e3-9d24-474b-9bcc-82ba01f3e08e', 'authenticated', 'authenticated', 'david383812+01@gmail.com', '$2a$10$SqhfMyXxOHEoJaG3jjUngO1kDpModMfPcOEF0tSzynYnPll6x/bN2', '2025-06-19 22:56:43.558266+00', NULL, '', '2025-06-19 22:56:22.349182+00', '', NULL, '', '', NULL, '2025-06-21 22:15:24.893957+00', '{"provider": "email", "providers": ["email"]}', '{"sub": "c65f50e3-9d24-474b-9bcc-82ba01f3e08e", "email": "david383812+01@gmail.com", "phone": "058864240", "last_name": "Zayas", "first_name": "david", "account_type": "client", "email_verified": true, "phone_verified": false}', NULL, '2025-06-19 22:56:22.340031+00', '2025-06-21 22:15:24.895659+00', NULL, NULL, '', '', NULL, '', 0, NULL, '', NULL, false, NULL, false),
	('00000000-0000-0000-0000-000000000000', '8f43f8b1-011b-4c5d-a16e-21495eb9de5c', 'authenticated', 'authenticated', 'daironlawyer77@gmail.com', '$2a$10$YKOuHzdCR5v9naKFgfaNDeE7FrgD24c6rt2rfVGl1sL0Cre2Ci2om', '2025-06-21 07:12:30.872722+00', NULL, '', '2025-06-21 07:12:15.929227+00', '', NULL, '', '', NULL, '2025-06-23 05:32:53.963509+00', '{"provider": "email", "providers": ["email"]}', '{"sub": "8f43f8b1-011b-4c5d-a16e-21495eb9de5c", "email": "daironlawyer77@gmail.com", "phone": "7865547415", "last_name": "Acosta", "first_name": "Dairon", "account_type": "advisor", "email_verified": true, "phone_verified": false}', NULL, '2025-06-21 07:12:15.889391+00', '2025-06-25 18:58:06.388986+00', NULL, NULL, '', '', NULL, '', 0, NULL, '', NULL, false, NULL, false),
	('00000000-0000-0000-0000-000000000000', 'beb05de5-b887-43a7-a72f-f9971fa20351', 'authenticated', 'authenticated', 'danielaverdecia24@gmail.com', '$2a$10$uJ0KQg/qTluFr9sc80mGO.jckQ4RI4qo.TjiHVGKiQ7U5D3wC1CHK', '2025-06-21 10:06:36.786589+00', NULL, '', '2025-06-21 10:05:49.391123+00', '', NULL, '', '', NULL, '2025-06-21 10:06:50.347193+00', '{"provider": "email", "providers": ["email"]}', '{"sub": "beb05de5-b887-43a7-a72f-f9971fa20351", "email": "danielaverdecia24@gmail.com", "phone": "4328803405", "last_name": "Verdecia", "first_name": "Daniela", "account_type": "client", "email_verified": true, "phone_verified": false}', NULL, '2025-06-21 10:05:49.378242+00', '2025-06-28 01:46:58.807336+00', NULL, NULL, '', '', NULL, '', 0, NULL, '', NULL, false, NULL, false);


--
-- Data for Name: identities; Type: TABLE DATA; Schema: auth; Owner: supabase_auth_admin
--

INSERT INTO "auth"."identities" ("provider_id", "user_id", "identity_data", "provider", "last_sign_in_at", "created_at", "updated_at", "id") VALUES
	('6ef67b7d-4e26-42a1-bc52-015d611332b9', '6ef67b7d-4e26-42a1-bc52-015d611332b9', '{"sub": "6ef67b7d-4e26-42a1-bc52-015d611332b9", "email": "david383812+02@gmail.com", "phone": "54100000", "last_name": "Daniel ", "first_name": "Marcos", "account_type": "advisor", "email_verified": true, "phone_verified": false}', 'email', '2025-06-19 22:52:33.486212+00', '2025-06-19 22:52:33.48626+00', '2025-06-19 22:52:33.48626+00', '04e9f3e0-4f46-48dc-9b0e-87aa69729986'),
	('c65f50e3-9d24-474b-9bcc-82ba01f3e08e', 'c65f50e3-9d24-474b-9bcc-82ba01f3e08e', '{"sub": "c65f50e3-9d24-474b-9bcc-82ba01f3e08e", "email": "david383812+01@gmail.com", "phone": "058864240", "last_name": "Zayas", "first_name": "david", "account_type": "client", "email_verified": true, "phone_verified": false}', 'email', '2025-06-19 22:56:22.345833+00', '2025-06-19 22:56:22.345889+00', '2025-06-19 22:56:22.345889+00', '88adef58-2720-42c8-9238-c82aef3bc3bc'),
	('ff1c0a42-32b7-4179-80c9-a3010d5f2631', 'ff1c0a42-32b7-4179-80c9-a3010d5f2631', '{"sub": "ff1c0a42-32b7-4179-80c9-a3010d5f2631", "email": "david383812+05@gmail.com", "phone": "+5358864240", "last_name": "Ferrer", "first_name": "Dany", "account_type": "advisor", "email_verified": true, "phone_verified": false}', 'email', '2025-06-19 23:01:54.112539+00', '2025-06-19 23:01:54.112592+00', '2025-06-19 23:01:54.112592+00', '1784f68d-531e-4e7c-841c-ef4d7d575e0f'),
	('8f43f8b1-011b-4c5d-a16e-21495eb9de5c', '8f43f8b1-011b-4c5d-a16e-21495eb9de5c', '{"sub": "8f43f8b1-011b-4c5d-a16e-21495eb9de5c", "email": "daironlawyer77@gmail.com", "phone": "7865547415", "last_name": "Acosta", "first_name": "Dairon", "account_type": "advisor", "email_verified": true, "phone_verified": false}', 'email', '2025-06-21 07:12:15.918205+00', '2025-06-21 07:12:15.918296+00', '2025-06-21 07:12:15.918296+00', '3783176e-a146-40f9-84fe-124a26cbf63f'),
	('beb05de5-b887-43a7-a72f-f9971fa20351', 'beb05de5-b887-43a7-a72f-f9971fa20351', '{"sub": "beb05de5-b887-43a7-a72f-f9971fa20351", "email": "danielaverdecia24@gmail.com", "phone": "4328803405", "last_name": "Verdecia", "first_name": "Daniela", "account_type": "client", "email_verified": true, "phone_verified": false}', 'email', '2025-06-21 10:05:49.386642+00', '2025-06-21 10:05:49.386696+00', '2025-06-21 10:05:49.386696+00', 'f8809d6e-e4a0-482f-95bc-ac114571574d'),
	('9898b7c3-5113-481f-afd9-02612765b829', '9898b7c3-5113-481f-afd9-02612765b829', '{"sub": "9898b7c3-5113-481f-afd9-02612765b829", "email": "david383812+03@gmail.com", "phone": "+5358864240", "last_name": "Carmenate", "first_name": "Jose", "account_type": "client", "email_verified": true, "phone_verified": false}', 'email', '2025-06-21 22:24:18.841014+00', '2025-06-21 22:24:18.841068+00', '2025-06-21 22:24:18.841068+00', '4fab302c-ae91-4b3b-b57f-c2a471c13f1c'),
	('ef4f7732-12cf-457b-a903-ce8f247fb798', 'ef4f7732-12cf-457b-a903-ce8f247fb798', '{"sub": "ef4f7732-12cf-457b-a903-ce8f247fb798", "email": "david383812@gmail.com", "phone": "058864240", "last_name": "Castellanos Zayas", "first_name": "david", "account_type": "client", "email_verified": true, "phone_verified": false}', 'email', '2025-06-22 15:46:28.556816+00', '2025-06-22 15:46:28.556886+00', '2025-06-22 15:46:28.556886+00', 'ed1ee8d1-483f-40f1-9b88-bfae1a899e6b');


--
-- Data for Name: instances; Type: TABLE DATA; Schema: auth; Owner: supabase_auth_admin
--



--
-- Data for Name: sessions; Type: TABLE DATA; Schema: auth; Owner: supabase_auth_admin
--

INSERT INTO "auth"."sessions" ("id", "user_id", "created_at", "updated_at", "factor_id", "aal", "not_after", "refreshed_at", "user_agent", "ip", "tag") VALUES
	('35a417df-3258-4d33-9fe0-e4b7d29cd401', '6ef67b7d-4e26-42a1-bc52-015d611332b9', '2025-06-20 17:34:39.000804+00', '2025-06-20 17:34:39.000804+00', NULL, 'aal1', NULL, NULL, 'Mozilla/5.0 (Windows NT 10.0; Win64; x64) AppleWebKit/537.36 (KHTML, like Gecko) Chrome/137.0.0.0 Safari/537.36', '212.102.61.147', NULL),
	('53ff05ef-641a-4a80-9412-2597d3f8dbb2', '8f43f8b1-011b-4c5d-a16e-21495eb9de5c', '2025-06-21 07:12:30.876341+00', '2025-06-21 07:12:30.876341+00', NULL, 'aal1', NULL, NULL, 'Mozilla/5.0 (iPhone; CPU iPhone OS 18_1_1 like Mac OS X) AppleWebKit/605.1.15 (KHTML, like Gecko) Version/18.1.1 Mobile/15E148 Safari/604.1', '172.58.131.236', NULL),
	('7e3fca15-e587-4e0c-84f4-2fac2d71a421', 'beb05de5-b887-43a7-a72f-f9971fa20351', '2025-06-21 10:06:36.789775+00', '2025-06-21 10:06:36.789775+00', NULL, 'aal1', NULL, NULL, 'Mozilla/5.0 (iPhone; CPU iPhone OS 18_5 like Mac OS X) AppleWebKit/605.1.15 (KHTML, like Gecko) Version/18.5 Mobile/15E148 Safari/604.1', '67.60.67.70', NULL),
	('e1942c02-839c-4f40-b52e-7a4e8e988ee7', '6ef67b7d-4e26-42a1-bc52-015d611332b9', '2025-06-20 17:47:54.101122+00', '2025-06-21 12:58:17.904506+00', NULL, 'aal1', NULL, '2025-06-21 12:58:17.904433', 'Mozilla/5.0 (Windows NT 10.0; Win64; x64) AppleWebKit/537.36 (KHTML, like Gecko) Chrome/137.0.0.0 Safari/537.36', '152.207.213.216', NULL),
	('c57a9947-4fb5-4a40-9166-a73ecdfde360', '8f43f8b1-011b-4c5d-a16e-21495eb9de5c', '2025-06-21 08:24:21.107678+00', '2025-06-25 18:58:06.398203+00', NULL, 'aal1', NULL, '2025-06-25 18:58:06.398102', 'Mozilla/5.0 (iPhone; CPU iPhone OS 18_1_1 like Mac OS X) AppleWebKit/605.1.15 (KHTML, like Gecko) Version/18.1.1 Mobile/15E148 Safari/604.1', '172.58.129.39', NULL),
	('344b52c4-cf86-48af-aef2-152bab104e6d', 'beb05de5-b887-43a7-a72f-f9971fa20351', '2025-06-21 10:06:50.347263+00', '2025-06-28 01:46:58.814561+00', NULL, 'aal1', NULL, '2025-06-28 01:46:58.813832', 'Mozilla/5.0 (iPhone; CPU iPhone OS 18_5 like Mac OS X) AppleWebKit/605.1.15 (KHTML, like Gecko) Version/18.5 Mobile/15E148 Safari/604.1', '107.127.4.36', NULL),
	('5cd03a8b-00a6-44eb-b25c-9e5929a6aebf', '8f43f8b1-011b-4c5d-a16e-21495eb9de5c', '2025-06-23 05:32:53.963594+00', '2025-06-23 05:32:53.963594+00', NULL, 'aal1', NULL, NULL, 'Mozilla/5.0 (Macintosh; Intel Mac OS X 10_15_7) AppleWebKit/605.1.15 (KHTML, like Gecko) Version/18.4 Safari/605.1.15', '172.58.134.149', NULL),
	('1bfc4955-3489-46c0-a4e1-3e4e5c108471', '9898b7c3-5113-481f-afd9-02612765b829', '2025-06-21 23:27:25.379557+00', '2025-06-21 23:27:25.379557+00', NULL, 'aal1', NULL, NULL, 'Mozilla/5.0 (Windows NT 10.0; Win64; x64) AppleWebKit/537.36 (KHTML, like Gecko) Chrome/137.0.0.0 Safari/537.36', '212.102.61.147', NULL),
	('3fdd3d70-f656-42cc-8b25-07a10830d6bc', '9898b7c3-5113-481f-afd9-02612765b829', '2025-06-21 23:37:44.483546+00', '2025-06-21 23:37:44.483546+00', NULL, 'aal1', NULL, NULL, 'Mozilla/5.0 (Windows NT 10.0; Win64; x64) AppleWebKit/537.36 (KHTML, like Gecko) Chrome/137.0.0.0 Safari/537.36', '212.102.61.147', NULL),
	('5c081cbc-1ecd-4857-8bf6-0b8c7cea96e1', '9898b7c3-5113-481f-afd9-02612765b829', '2025-06-21 23:49:24.260803+00', '2025-06-21 23:49:24.260803+00', NULL, 'aal1', NULL, NULL, 'Mozilla/5.0 (Windows NT 10.0; Win64; x64) AppleWebKit/537.36 (KHTML, like Gecko) Chrome/137.0.0.0 Safari/537.36', '212.102.61.147', NULL),
	('11433b4f-b660-4384-8616-82b70a18e19c', '9898b7c3-5113-481f-afd9-02612765b829', '2025-06-21 23:28:42.983289+00', '2025-06-22 13:43:00.636735+00', NULL, 'aal1', NULL, '2025-06-22 13:43:00.635407', 'Mozilla/5.0 (Windows NT 10.0; Win64; x64) AppleWebKit/537.36 (KHTML, like Gecko) Chrome/137.0.0.0 Safari/537.36', '212.102.61.147', NULL),
	('33ce4fc0-15c0-4320-abc5-2036f1ffdf67', 'ef4f7732-12cf-457b-a903-ce8f247fb798', '2025-06-29 14:38:40.973366+00', '2025-06-29 14:38:40.973366+00', NULL, 'aal1', NULL, NULL, 'Mozilla/5.0 (Windows NT 10.0; Win64; x64) AppleWebKit/537.36 (KHTML, like Gecko) Chrome/138.0.0.0 Safari/537.36', '212.102.61.147', NULL);


--
-- Data for Name: mfa_amr_claims; Type: TABLE DATA; Schema: auth; Owner: supabase_auth_admin
--

INSERT INTO "auth"."mfa_amr_claims" ("session_id", "created_at", "updated_at", "authentication_method", "id") VALUES
	('35a417df-3258-4d33-9fe0-e4b7d29cd401', '2025-06-20 17:34:39.004875+00', '2025-06-20 17:34:39.004875+00', 'password', '258be7b1-6f9e-42ec-ab0b-272dc15aca12'),
	('e1942c02-839c-4f40-b52e-7a4e8e988ee7', '2025-06-20 17:47:54.105167+00', '2025-06-20 17:47:54.105167+00', 'password', 'b9c05e72-ab50-4986-9ec7-938bf02245a6'),
	('53ff05ef-641a-4a80-9412-2597d3f8dbb2', '2025-06-21 07:12:30.893952+00', '2025-06-21 07:12:30.893952+00', 'otp', 'e7e9adc5-ec16-4f69-81a5-5b5ddc6506e9'),
	('c57a9947-4fb5-4a40-9166-a73ecdfde360', '2025-06-21 08:24:21.112456+00', '2025-06-21 08:24:21.112456+00', 'password', 'e1793de7-5200-426b-9c22-b5e67e8a0915'),
	('7e3fca15-e587-4e0c-84f4-2fac2d71a421', '2025-06-21 10:06:36.794694+00', '2025-06-21 10:06:36.794694+00', 'otp', '8b665737-f6e9-4202-8992-5a12cc41a1e8'),
	('344b52c4-cf86-48af-aef2-152bab104e6d', '2025-06-21 10:06:50.351288+00', '2025-06-21 10:06:50.351288+00', 'password', 'accb94c9-49af-4234-8339-210044165292'),
	('5cd03a8b-00a6-44eb-b25c-9e5929a6aebf', '2025-06-23 05:32:53.96871+00', '2025-06-23 05:32:53.96871+00', 'password', '34bc8715-8971-4950-aef0-3bfa71dae3c5'),
	('1bfc4955-3489-46c0-a4e1-3e4e5c108471', '2025-06-21 23:27:25.382905+00', '2025-06-21 23:27:25.382905+00', 'password', 'ced17552-222a-49cc-b38b-b6852830b362'),
	('11433b4f-b660-4384-8616-82b70a18e19c', '2025-06-21 23:28:42.986421+00', '2025-06-21 23:28:42.986421+00', 'password', 'f8079e68-6663-4cbc-aae6-da0b3ce0c4fb'),
	('3fdd3d70-f656-42cc-8b25-07a10830d6bc', '2025-06-21 23:37:44.493542+00', '2025-06-21 23:37:44.493542+00', 'password', 'bd2b6d0f-4032-465e-b9e9-2754287d7400'),
	('5c081cbc-1ecd-4857-8bf6-0b8c7cea96e1', '2025-06-21 23:49:24.268997+00', '2025-06-21 23:49:24.268997+00', 'password', '05e34f74-0678-4be0-9950-a7bb7041e248'),
	('33ce4fc0-15c0-4320-abc5-2036f1ffdf67', '2025-06-29 14:38:40.979593+00', '2025-06-29 14:38:40.979593+00', 'password', 'c699a914-a22e-4c90-ac2b-3bf925a9a422');


--
-- Data for Name: mfa_factors; Type: TABLE DATA; Schema: auth; Owner: supabase_auth_admin
--



--
-- Data for Name: mfa_challenges; Type: TABLE DATA; Schema: auth; Owner: supabase_auth_admin
--



--
-- Data for Name: one_time_tokens; Type: TABLE DATA; Schema: auth; Owner: supabase_auth_admin
--

INSERT INTO "auth"."one_time_tokens" ("id", "user_id", "token_type", "token_hash", "relates_to", "created_at", "updated_at") VALUES
	('b7115eb2-8e51-43df-89cf-742fb9694054', 'ef4f7732-12cf-457b-a903-ce8f247fb798', 'recovery_token', '656847be4ec2b5319d2954f8b0c6a4f92e19766d6fbf96f31b8a199c', 'david383812@gmail.com', '2025-06-23 13:21:16.036472', '2025-06-23 13:21:16.036472');


--
-- Data for Name: refresh_tokens; Type: TABLE DATA; Schema: auth; Owner: supabase_auth_admin
--

INSERT INTO "auth"."refresh_tokens" ("instance_id", "id", "token", "user_id", "revoked", "created_at", "updated_at", "parent", "session_id") VALUES
	('00000000-0000-0000-0000-000000000000', 164, 'bnxid3ow32c2', 'beb05de5-b887-43a7-a72f-f9971fa20351', true, '2025-06-23 00:35:33.226498+00', '2025-06-23 19:11:05.768639+00', 'qoagbn46zg2m', '344b52c4-cf86-48af-aef2-152bab104e6d'),
	('00000000-0000-0000-0000-000000000000', 166, 'b6t7lvf2qbxi', '8f43f8b1-011b-4c5d-a16e-21495eb9de5c', true, '2025-06-23 07:40:53.25451+00', '2025-06-23 19:14:29.476879+00', 'cg7s7ongr3x6', 'c57a9947-4fb5-4a40-9166-a73ecdfde360'),
	('00000000-0000-0000-0000-000000000000', 170, 'n5yq6ve6igt2', '8f43f8b1-011b-4c5d-a16e-21495eb9de5c', true, '2025-06-23 19:14:29.477595+00', '2025-06-24 05:57:57.234592+00', 'b6t7lvf2qbxi', 'c57a9947-4fb5-4a40-9166-a73ecdfde360'),
	('00000000-0000-0000-0000-000000000000', 172, '4smwk4suntbk', '8f43f8b1-011b-4c5d-a16e-21495eb9de5c', true, '2025-06-24 10:04:15.66662+00', '2025-06-25 04:57:11.198804+00', 'cb5jorsqst5q', 'c57a9947-4fb5-4a40-9166-a73ecdfde360'),
	('00000000-0000-0000-0000-000000000000', 174, '44hw5cbdhwca', '8f43f8b1-011b-4c5d-a16e-21495eb9de5c', true, '2025-06-25 04:57:11.201407+00', '2025-06-25 10:08:50.042706+00', '4smwk4suntbk', 'c57a9947-4fb5-4a40-9166-a73ecdfde360'),
	('00000000-0000-0000-0000-000000000000', 176, 'lsogn5hzughy', '8f43f8b1-011b-4c5d-a16e-21495eb9de5c', false, '2025-06-25 18:58:06.381012+00', '2025-06-25 18:58:06.381012+00', '6nbgtdbqr5mr', 'c57a9947-4fb5-4a40-9166-a73ecdfde360'),
	('00000000-0000-0000-0000-000000000000', 178, 'qurh4v23b3bh', 'beb05de5-b887-43a7-a72f-f9971fa20351', false, '2025-06-28 01:46:58.79553+00', '2025-06-28 01:46:58.79553+00', 'dyfdglwsqnt7', '344b52c4-cf86-48af-aef2-152bab104e6d'),
	('00000000-0000-0000-0000-000000000000', 64, 'fpnckuiufk4f', '6ef67b7d-4e26-42a1-bc52-015d611332b9', false, '2025-06-20 17:34:39.001994+00', '2025-06-20 17:34:39.001994+00', NULL, '35a417df-3258-4d33-9fe0-e4b7d29cd401'),
	('00000000-0000-0000-0000-000000000000', 65, 'at7lj2uoc7ll', '6ef67b7d-4e26-42a1-bc52-015d611332b9', true, '2025-06-20 17:47:54.102897+00', '2025-06-20 19:58:03.526567+00', NULL, 'e1942c02-839c-4f40-b52e-7a4e8e988ee7'),
	('00000000-0000-0000-0000-000000000000', 70, 'bzsf6l2extep', '8f43f8b1-011b-4c5d-a16e-21495eb9de5c', false, '2025-06-21 07:12:30.885102+00', '2025-06-21 07:12:30.885102+00', NULL, '53ff05ef-641a-4a80-9412-2597d3f8dbb2'),
	('00000000-0000-0000-0000-000000000000', 71, '6ms7oad4whyn', '8f43f8b1-011b-4c5d-a16e-21495eb9de5c', true, '2025-06-21 08:24:21.109527+00', '2025-06-21 09:59:03.22652+00', NULL, 'c57a9947-4fb5-4a40-9166-a73ecdfde360'),
	('00000000-0000-0000-0000-000000000000', 73, 'ahsrilrzgvuz', 'beb05de5-b887-43a7-a72f-f9971fa20351', false, '2025-06-21 10:06:36.791597+00', '2025-06-21 10:06:36.791597+00', NULL, '7e3fca15-e587-4e0c-84f4-2fac2d71a421'),
	('00000000-0000-0000-0000-000000000000', 195, 'o6yofx2xgg2o', 'ef4f7732-12cf-457b-a903-ce8f247fb798', false, '2025-06-29 14:38:40.975202+00', '2025-06-29 14:38:40.975202+00', NULL, '33ce4fc0-15c0-4320-abc5-2036f1ffdf67'),
	('00000000-0000-0000-0000-000000000000', 68, 'ouck6znkus22', '6ef67b7d-4e26-42a1-bc52-015d611332b9', true, '2025-06-20 19:58:03.527993+00', '2025-06-21 12:58:17.899257+00', 'at7lj2uoc7ll', 'e1942c02-839c-4f40-b52e-7a4e8e988ee7'),
	('00000000-0000-0000-0000-000000000000', 76, '33wptr5jzhry', '6ef67b7d-4e26-42a1-bc52-015d611332b9', false, '2025-06-21 12:58:17.901302+00', '2025-06-21 12:58:17.901302+00', 'ouck6znkus22', 'e1942c02-839c-4f40-b52e-7a4e8e988ee7'),
	('00000000-0000-0000-0000-000000000000', 85, '52th3bd3tp4z', '8f43f8b1-011b-4c5d-a16e-21495eb9de5c', true, '2025-06-21 22:08:43.458282+00', '2025-06-22 23:18:23.48272+00', 'i7n5avpqrnbt', 'c57a9947-4fb5-4a40-9166-a73ecdfde360'),
	('00000000-0000-0000-0000-000000000000', 74, 'qoagbn46zg2m', 'beb05de5-b887-43a7-a72f-f9971fa20351', true, '2025-06-21 10:06:50.347961+00', '2025-06-23 00:35:33.224162+00', NULL, '344b52c4-cf86-48af-aef2-152bab104e6d'),
	('00000000-0000-0000-0000-000000000000', 72, 'i7n5avpqrnbt', '8f43f8b1-011b-4c5d-a16e-21495eb9de5c', true, '2025-06-21 09:59:03.228836+00', '2025-06-21 22:08:43.456856+00', '6ms7oad4whyn', 'c57a9947-4fb5-4a40-9166-a73ecdfde360'),
	('00000000-0000-0000-0000-000000000000', 171, 'cb5jorsqst5q', '8f43f8b1-011b-4c5d-a16e-21495eb9de5c', true, '2025-06-24 05:57:57.236693+00', '2025-06-24 10:04:15.663145+00', 'n5yq6ve6igt2', 'c57a9947-4fb5-4a40-9166-a73ecdfde360'),
	('00000000-0000-0000-0000-000000000000', 169, 'v4r4uw7sq5fy', 'beb05de5-b887-43a7-a72f-f9971fa20351', true, '2025-06-23 19:11:05.775031+00', '2025-06-24 22:27:31.262112+00', 'bnxid3ow32c2', '344b52c4-cf86-48af-aef2-152bab104e6d'),
	('00000000-0000-0000-0000-000000000000', 105, 'mujb2noy266v', '9898b7c3-5113-481f-afd9-02612765b829', false, '2025-06-21 23:27:25.380796+00', '2025-06-21 23:27:25.380796+00', NULL, '1bfc4955-3489-46c0-a4e1-3e4e5c108471'),
	('00000000-0000-0000-0000-000000000000', 107, 'xhgs64x6csmk', '9898b7c3-5113-481f-afd9-02612765b829', false, '2025-06-21 23:37:44.487139+00', '2025-06-21 23:37:44.487139+00', NULL, '3fdd3d70-f656-42cc-8b25-07a10830d6bc'),
	('00000000-0000-0000-0000-000000000000', 108, 'rbnvkvtq7zqa', '9898b7c3-5113-481f-afd9-02612765b829', false, '2025-06-21 23:49:24.264468+00', '2025-06-21 23:49:24.264468+00', NULL, '5c081cbc-1ecd-4857-8bf6-0b8c7cea96e1'),
	('00000000-0000-0000-0000-000000000000', 175, '6nbgtdbqr5mr', '8f43f8b1-011b-4c5d-a16e-21495eb9de5c', true, '2025-06-25 10:08:50.052297+00', '2025-06-25 18:58:06.3695+00', '44hw5cbdhwca', 'c57a9947-4fb5-4a40-9166-a73ecdfde360'),
	('00000000-0000-0000-0000-000000000000', 173, 'g766grbyxpub', 'beb05de5-b887-43a7-a72f-f9971fa20351', true, '2025-06-24 22:27:31.272359+00', '2025-06-25 21:01:03.623123+00', 'v4r4uw7sq5fy', '344b52c4-cf86-48af-aef2-152bab104e6d'),
	('00000000-0000-0000-0000-000000000000', 106, 'nurgh4xqbwr7', '9898b7c3-5113-481f-afd9-02612765b829', true, '2025-06-21 23:28:42.984414+00', '2025-06-22 13:43:00.623661+00', NULL, '11433b4f-b660-4384-8616-82b70a18e19c'),
	('00000000-0000-0000-0000-000000000000', 111, 'xiwnopglr7q2', '9898b7c3-5113-481f-afd9-02612765b829', false, '2025-06-22 13:43:00.629132+00', '2025-06-22 13:43:00.629132+00', 'nurgh4xqbwr7', '11433b4f-b660-4384-8616-82b70a18e19c'),
	('00000000-0000-0000-0000-000000000000', 177, 'dyfdglwsqnt7', 'beb05de5-b887-43a7-a72f-f9971fa20351', true, '2025-06-25 21:01:03.627397+00', '2025-06-28 01:46:58.776333+00', 'g766grbyxpub', '344b52c4-cf86-48af-aef2-152bab104e6d'),
	('00000000-0000-0000-0000-000000000000', 165, 'zth5wy63blpf', '8f43f8b1-011b-4c5d-a16e-21495eb9de5c', false, '2025-06-23 05:32:53.965947+00', '2025-06-23 05:32:53.965947+00', NULL, '5cd03a8b-00a6-44eb-b25c-9e5929a6aebf'),
	('00000000-0000-0000-0000-000000000000', 163, 'cg7s7ongr3x6', '8f43f8b1-011b-4c5d-a16e-21495eb9de5c', true, '2025-06-22 23:18:23.483428+00', '2025-06-23 07:40:53.243977+00', '52th3bd3tp4z', 'c57a9947-4fb5-4a40-9166-a73ecdfde360');


--
-- Data for Name: sso_providers; Type: TABLE DATA; Schema: auth; Owner: supabase_auth_admin
--



--
-- Data for Name: saml_providers; Type: TABLE DATA; Schema: auth; Owner: supabase_auth_admin
--



--
-- Data for Name: saml_relay_states; Type: TABLE DATA; Schema: auth; Owner: supabase_auth_admin
--



--
-- Data for Name: sso_domains; Type: TABLE DATA; Schema: auth; Owner: supabase_auth_admin
--



--
-- Data for Name: plans; Type: TABLE DATA; Schema: public; Owner: postgres
--

INSERT INTO "public"."plans" ("id", "name", "description", "price", "currency", "billing_interval", "features", "stripe_price_id", "is_active", "created_at", "updated_at") VALUES
	(1, 'Standard', 'Basic plan with individual consultations', 49.99, 'USD', 'month', '{"support": "email", "duration": "1 hour each", "priority": "standard", "consultations": 3}', 'prod_SXvskF9K0G8lnE', true, '2025-06-21 21:09:19.357962+00', '2025-06-22 15:41:12.357163+00'),
	(2, 'Premium', 'Premium plan with multiple consultations and priority support', 149.99, 'USD', 'month', '{"support": "priority", "duration": "1 hour each", "priority": "high", "follow_up": true, "consultations": 10}', 'prod_SXvtryJq9KiZH8', true, '2025-06-21 21:09:19.357962+00', '2025-06-22 15:42:08.938758+00'),
	(3, 'Collaborative', 'Collaborative plan for teams and enterprises', 299.99, 'USD', 'month', '{"support": "dedicated", "duration": "flexible", "priority": "enterprise", "team_access": true, "consultations": "unlimited", "custom_reports": true}', 'prod_SXvuSfOl6vqW7I', true, '2025-06-21 21:09:19.357962+00', '2025-06-22 15:42:56.952261+00');


--
-- Data for Name: profiles; Type: TABLE DATA; Schema: public; Owner: postgres
--

INSERT INTO "public"."profiles" ("id", "email", "first_name", "last_name", "phone", "account_type", "created_at", "updated_at", "plan_id", "subscription_status", "stripe_customer_id", "stripe_subscription_id", "subscription_start_date", "subscription_end_date", "subscription_cancelled_at") VALUES
	('6ef67b7d-4e26-42a1-bc52-015d611332b9', 'david383812+02@gmail.com', 'Marcos', 'Daniel ', '54100000', 'advisor', '2025-06-19 22:52:33.481297+00', '2025-06-19 22:52:33.481297+00', NULL, 'inactive', NULL, NULL, NULL, NULL, NULL),
	('c65f50e3-9d24-474b-9bcc-82ba01f3e08e', 'david383812+01@gmail.com', 'david', 'Zayas', '058864240', 'client', '2025-06-19 22:56:22.339702+00', '2025-06-19 22:56:22.339702+00', NULL, 'inactive', NULL, NULL, NULL, NULL, NULL),
	('ff1c0a42-32b7-4179-80c9-a3010d5f2631', 'david383812+05@gmail.com', 'Dany', 'Ferrer', '+5358864240', 'advisor', '2025-06-19 23:01:54.106898+00', '2025-06-19 23:01:54.106898+00', NULL, 'inactive', NULL, NULL, NULL, NULL, NULL),
	('8f43f8b1-011b-4c5d-a16e-21495eb9de5c', 'daironlawyer77@gmail.com', 'Dairon', 'Acosta', '7865547415', 'advisor', '2025-06-21 07:12:15.888333+00', '2025-06-21 07:12:15.888333+00', NULL, 'inactive', NULL, NULL, NULL, NULL, NULL),
	('beb05de5-b887-43a7-a72f-f9971fa20351', 'danielaverdecia24@gmail.com', 'Daniela', 'Verdecia', '4328803405', 'client', '2025-06-21 10:05:49.377917+00', '2025-06-21 10:05:49.377917+00', NULL, 'inactive', NULL, NULL, NULL, NULL, NULL),
	('9898b7c3-5113-481f-afd9-02612765b829', 'david383812+03@gmail.com', 'Jose', 'Carmenate G', '+5358864240', 'client', '2025-06-21 22:24:18.822731+00', '2025-06-21 23:37:55.307279+00', 1, 'active', 'cus_SXfbo6WwacXr20', 'sub_1RcaqQHcmUQC8y1YPUZqadoz', '2025-06-21 23:29:10+00', '2025-07-21 23:29:10+00', NULL),
	('ef4f7732-12cf-457b-a903-ce8f247fb798', 'david383812@gmail.com', 'David', 'Castellanos Zayas', '058864240', 'client', '2025-06-22 15:46:28.541592+00', '2025-06-29 14:39:28.257567+00', 1, 'cancelled', 'cus_SaXSizeCP8uNHq', 'sub_1RfMNwHcmUQC8y1YYOCCQdG2', '2025-06-29 14:39:18.948+00', '2025-07-29 14:39:18.948+00', '2025-06-29 14:39:31.308+00');


--
-- Data for Name: payments; Type: TABLE DATA; Schema: public; Owner: postgres
--

INSERT INTO "public"."payments" ("id", "user_id", "plan_id", "stripe_payment_intent_id", "stripe_invoice_id", "amount", "currency", "status", "payment_method", "created_at", "updated_at", "stripe_checkout_session_id") VALUES
	(5, '9898b7c3-5113-481f-afd9-02612765b829', 1, NULL, NULL, 49.99, 'usd', 'succeeded', 'card', '2025-06-21 23:29:14.839864+00', '2025-06-21 23:29:14.839864+00', NULL),
	(12, 'ef4f7732-12cf-457b-a903-ce8f247fb798', 1, NULL, NULL, 49.99, 'usd', 'succeeded', 'card', '2025-06-22 15:47:32.95883+00', '2025-06-22 15:47:32.95883+00', NULL),
	(13, 'ef4f7732-12cf-457b-a903-ce8f247fb798', 3, NULL, NULL, 299.99, 'usd', 'succeeded', 'card', '2025-06-22 16:17:47.829012+00', '2025-06-22 16:17:47.829012+00', NULL),
	(14, 'ef4f7732-12cf-457b-a903-ce8f247fb798', 2, NULL, NULL, 149.99, 'usd', 'succeeded', 'card', '2025-06-28 18:19:56.162184+00', '2025-06-28 18:19:56.162184+00', NULL),
	(15, 'ef4f7732-12cf-457b-a903-ce8f247fb798', 1, NULL, NULL, 49.99, 'usd', 'succeeded', 'card', '2025-06-28 18:26:24.207239+00', '2025-06-28 18:26:24.207239+00', NULL),
	(16, 'ef4f7732-12cf-457b-a903-ce8f247fb798', 3, NULL, NULL, 299.99, 'usd', 'succeeded', 'card', '2025-06-28 18:30:59.3322+00', '2025-06-28 18:30:59.3322+00', NULL),
	(17, 'ef4f7732-12cf-457b-a903-ce8f247fb798', 3, NULL, NULL, 299.99, 'usd', 'succeeded', NULL, '2025-06-28 18:31:08.047+00', '2025-06-28 18:31:03.919877+00', 'cs_test_a1ArKOZkAuVZll6O2dPo0kIG6X3yUav9NetmbOqFZspFb5k0PEbOrH2dcj'),
	(20, 'ef4f7732-12cf-457b-a903-ce8f247fb798', 1, NULL, NULL, 49.99, 'usd', 'succeeded', 'card', '2025-06-28 18:46:29.281647+00', '2025-06-28 18:46:29.281647+00', NULL),
	(21, 'ef4f7732-12cf-457b-a903-ce8f247fb798', 1, NULL, NULL, 49.99, 'usd', 'succeeded', NULL, '2025-06-28 18:46:40.357+00', '2025-06-28 18:46:36.188182+00', 'cs_test_a1ZSETyvtSM7YbzTLnNLwsPIhwpLxI8RdZp1xhxk2O89G3VVBjIEMo7VUx'),
	(24, 'ef4f7732-12cf-457b-a903-ce8f247fb798', 2, NULL, NULL, 149.99, 'usd', 'succeeded', 'card', '2025-06-28 18:53:28.28894+00', '2025-06-28 18:53:28.28894+00', NULL),
	(25, 'ef4f7732-12cf-457b-a903-ce8f247fb798', 2, NULL, NULL, 149.99, 'usd', 'succeeded', NULL, '2025-06-28 18:53:38.969+00', '2025-06-28 18:53:34.846142+00', 'cs_test_a1chBVv1q5TVUp66DMEw0vdRd5HuyOwNNPytr8nhP2GPJzUhJllk6wlXG8'),
	(28, 'ef4f7732-12cf-457b-a903-ce8f247fb798', 1, NULL, NULL, 49.99, 'usd', 'succeeded', 'card', '2025-06-28 19:00:49.100597+00', '2025-06-28 19:00:49.100597+00', NULL),
	(29, 'ef4f7732-12cf-457b-a903-ce8f247fb798', 1, NULL, NULL, 49.99, 'usd', 'succeeded', NULL, '2025-06-28 19:00:58.828+00', '2025-06-28 19:00:54.608515+00', 'cs_test_a17wVoVvxeuMHaKHEj6lmVJ3p8ECMoXtZaorJ3ogAkBwhcuARNKWD7IcW0'),
	(32, 'ef4f7732-12cf-457b-a903-ce8f247fb798', 1, NULL, NULL, 49.99, 'usd', 'succeeded', 'card', '2025-06-28 19:27:33.686865+00', '2025-06-28 19:27:33.686865+00', NULL),
	(33, 'ef4f7732-12cf-457b-a903-ce8f247fb798', 1, NULL, NULL, 49.99, 'usd', 'succeeded', NULL, '2025-06-28 19:28:36.196+00', '2025-06-28 19:28:31.90478+00', 'cs_test_a1IZflW2PH8J0L6bfQDszGZiXh3CPyGY9wBnTSkIWWCwZaUmTmDyrs4X2p'),
	(36, 'ef4f7732-12cf-457b-a903-ce8f247fb798', 1, NULL, NULL, 49.99, 'usd', 'succeeded', 'card', '2025-06-29 13:40:06.477514+00', '2025-06-29 13:40:06.477514+00', NULL),
	(37, 'ef4f7732-12cf-457b-a903-ce8f247fb798', 1, NULL, NULL, 49.99, 'usd', 'succeeded', 'card', '2025-06-29 13:42:41.143289+00', '2025-06-29 13:42:41.143289+00', NULL),
	(38, 'ef4f7732-12cf-457b-a903-ce8f247fb798', 1, NULL, NULL, 49.99, 'usd', 'succeeded', NULL, '2025-06-29 13:42:48.207+00', '2025-06-29 13:42:45.280133+00', 'cs_test_a1koxcnZJFqTnJ4kbadPqn17CIy8jNYf7MHlE6saCYgpPSOOoE26gxE2fp'),
	(41, 'ef4f7732-12cf-457b-a903-ce8f247fb798', 1, NULL, NULL, 49.99, 'usd', 'succeeded', 'card', '2025-06-29 14:05:26.484614+00', '2025-06-29 14:05:26.484614+00', NULL),
	(42, 'ef4f7732-12cf-457b-a903-ce8f247fb798', 1, NULL, NULL, 49.99, 'usd', 'succeeded', NULL, '2025-06-29 14:05:33.59+00', '2025-06-29 14:05:31.129134+00', 'cs_test_a1P1KWw0fE4bLee0U4fxBROVu87cvSEw0hswxiaExEHQPXREg71adl32zQ'),
	(45, 'ef4f7732-12cf-457b-a903-ce8f247fb798', 1, NULL, NULL, 49.99, 'usd', 'succeeded', 'card', '2025-06-29 14:22:01.672796+00', '2025-06-29 14:22:01.672796+00', NULL),
	(46, 'ef4f7732-12cf-457b-a903-ce8f247fb798', 1, NULL, NULL, 49.99, 'usd', 'succeeded', NULL, '2025-06-29 14:22:12.67+00', '2025-06-29 14:22:09.631752+00', 'cs_test_a1czWbKNpDoeSFEFg1vY3efCfNsL3oMONVlPcQ1xXcgO7VUHh82IQLMP7C'),
	(49, 'ef4f7732-12cf-457b-a903-ce8f247fb798', 3, NULL, NULL, 299.99, 'usd', 'succeeded', 'card', '2025-06-29 14:25:12.919315+00', '2025-06-29 14:25:12.919315+00', NULL),
	(50, 'ef4f7732-12cf-457b-a903-ce8f247fb798', 3, NULL, NULL, 299.99, 'usd', 'succeeded', 'card', '2025-06-29 14:25:14.012685+00', '2025-06-29 14:25:14.012685+00', NULL),
	(51, 'ef4f7732-12cf-457b-a903-ce8f247fb798', 3, NULL, NULL, 299.99, 'usd', 'succeeded', NULL, '2025-06-29 14:25:21.188+00', '2025-06-29 14:25:18.13091+00', 'cs_test_a1tAquwJSNeTQuF555IMBSSdJwmXGrCKrTZ01JLFPWGxvSeoDzE9976Q5p'),
	(54, 'ef4f7732-12cf-457b-a903-ce8f247fb798', 1, NULL, NULL, 49.99, 'usd', 'succeeded', 'card', '2025-06-29 14:39:16.489982+00', '2025-06-29 14:39:16.489982+00', NULL),
	(55, 'ef4f7732-12cf-457b-a903-ce8f247fb798', 1, NULL, NULL, 49.99, 'usd', 'succeeded', 'card', '2025-06-29 14:39:18.23944+00', '2025-06-29 14:39:18.23944+00', NULL),
	(56, 'ef4f7732-12cf-457b-a903-ce8f247fb798', 1, NULL, NULL, 49.99, 'usd', 'succeeded', NULL, '2025-06-29 14:39:18.944+00', '2025-06-29 14:39:18.987143+00', 'cs_test_a1PaChS0El6o1q3ivDcbFprU6N5Nh9ZAdpkG8qIiJ0LW1sMO395hRLRg4a');


--
-- Data for Name: buckets; Type: TABLE DATA; Schema: storage; Owner: supabase_storage_admin
--



--
-- Data for Name: objects; Type: TABLE DATA; Schema: storage; Owner: supabase_storage_admin
--



--
-- Data for Name: s3_multipart_uploads; Type: TABLE DATA; Schema: storage; Owner: supabase_storage_admin
--



--
-- Data for Name: s3_multipart_uploads_parts; Type: TABLE DATA; Schema: storage; Owner: supabase_storage_admin
--



--
-- Name: refresh_tokens_id_seq; Type: SEQUENCE SET; Schema: auth; Owner: supabase_auth_admin
--

SELECT pg_catalog.setval('"auth"."refresh_tokens_id_seq"', 195, true);


--
-- Name: payments_id_seq; Type: SEQUENCE SET; Schema: public; Owner: postgres
--

SELECT pg_catalog.setval('"public"."payments_id_seq"', 57, true);


--
-- Name: plans_id_seq; Type: SEQUENCE SET; Schema: public; Owner: postgres
--

SELECT pg_catalog.setval('"public"."plans_id_seq"', 8, true);


--
-- PostgreSQL database dump complete
--

RESET ALL;
